municipality,group,variable,month,Tratamientos iniciados con esquema ll,TOTAL
AZURDUY,tuberculosis,tratamientos iniciados con esquema ll,2007-01-01,1,1
BUENA VISTA,tuberculosis,tratamientos iniciados con esquema ll,2007-01-01,1,1
CAMIRI,tuberculosis,tratamientos iniciados con esquema ll,2007-01-01,3,3
CHARAGUA,tuberculosis,tratamientos iniciados con esquema ll,2007-01-01,1,1
CHULUMANI (V. DE LA LIBERTAD),tuberculosis,tratamientos iniciados con esquema ll,2007-01-01,1,1
COCHABAMBA,tuberculosis,tratamientos iniciados con esquema ll,2007-01-01,3,3
CORIPATA,tuberculosis,tratamientos iniciados con esquema ll,2007-01-01,1,1
EL ALTO,tuberculosis,tratamientos iniciados con esquema ll,2007-01-01,4,4
EL TORNO,tuberculosis,tratamientos iniciados con esquema ll,2007-01-01,2,2
ENTRE RIOS,tuberculosis,tratamientos iniciados con esquema ll,2007-01-01,2,2
LA GUARDIA,tuberculosis,tratamientos iniciados con esquema ll,2007-01-01,1,1
LA PAZ,tuberculosis,tratamientos iniciados con esquema ll,2007-01-01,15,15
MINEROS,tuberculosis,tratamientos iniciados con esquema ll,2007-01-01,1,1
MIZQUE,tuberculosis,tratamientos iniciados con esquema ll,2007-01-01,1,1
MONTERO,tuberculosis,tratamientos iniciados con esquema ll,2007-01-01,1,1
ORURO,tuberculosis,tratamientos iniciados con esquema ll,2007-01-01,1,1
PORTACHUELO,tuberculosis,tratamientos iniciados con esquema ll,2007-01-01,1,1
POTOSI,tuberculosis,tratamientos iniciados con esquema ll,2007-01-01,2,2
SAN JAVIER(STC),tuberculosis,tratamientos iniciados con esquema ll,2007-01-01,2,2
SAN JUAN DE YAPACANI,tuberculosis,tratamientos iniciados con esquema ll,2007-01-01,1,1
SANTA ANA,tuberculosis,tratamientos iniciados con esquema ll,2007-01-01,1,1
SANTA CRUZ DE LA SIERRA,tuberculosis,tratamientos iniciados con esquema ll,2007-01-01,15,15
SUCRE,tuberculosis,tratamientos iniciados con esquema ll,2007-01-01,1,1
TARIJA,tuberculosis,tratamientos iniciados con esquema ll,2007-01-01,1,1
TIPUANI,tuberculosis,tratamientos iniciados con esquema ll,2007-01-01,1,1
TIRAQUE (CBBA),tuberculosis,tratamientos iniciados con esquema ll,2007-01-01,1,1
UNCIA,tuberculosis,tratamientos iniciados con esquema ll,2007-01-01,1,1
VILLA TUNARI,tuberculosis,tratamientos iniciados con esquema ll,2007-01-01,1,1
WARNES,tuberculosis,tratamientos iniciados con esquema ll,2007-01-01,1,1
YACUIBA,tuberculosis,tratamientos iniciados con esquema ll,2007-01-01,1,1
YAPACANI,tuberculosis,tratamientos iniciados con esquema ll,2007-01-01,2,2
AZURDUY,tuberculosis,tratamientos iniciados con esquema ll,2007-02-01,1,1
BERMEJO,tuberculosis,tratamientos iniciados con esquema ll,2007-02-01,1,1
BUENA VISTA,tuberculosis,tratamientos iniciados con esquema ll,2007-02-01,1,1
CAMIRI,tuberculosis,tratamientos iniciados con esquema ll,2007-02-01,3,3
CAPINOTA,tuberculosis,tratamientos iniciados con esquema ll,2007-02-01,1,1
CARANAVI,tuberculosis,tratamientos iniciados con esquema ll,2007-02-01,2,2
CARMEN RIVERO TORREZ,tuberculosis,tratamientos iniciados con esquema ll,2007-02-01,1,1
CHARAGUA,tuberculosis,tratamientos iniciados con esquema ll,2007-02-01,1,1
CLIZA,tuberculosis,tratamientos iniciados con esquema ll,2007-02-01,1,1
COBIJA,tuberculosis,tratamientos iniciados con esquema ll,2007-02-01,2,2
COLCAPIRHUA,tuberculosis,tratamientos iniciados con esquema ll,2007-02-01,1,1
COLQUECHACA,tuberculosis,tratamientos iniciados con esquema ll,2007-02-01,1,1
EL ALTO,tuberculosis,tratamientos iniciados con esquema ll,2007-02-01,4,4
EL TORNO,tuberculosis,tratamientos iniciados con esquema ll,2007-02-01,3,3
LA GUARDIA,tuberculosis,tratamientos iniciados con esquema ll,2007-02-01,1,1
LA PAZ,tuberculosis,tratamientos iniciados con esquema ll,2007-02-01,10,10
LLALLAGUA,tuberculosis,tratamientos iniciados con esquema ll,2007-02-01,1,1
MAPIRI,tuberculosis,tratamientos iniciados con esquema ll,2007-02-01,1,1
MIZQUE,tuberculosis,tratamientos iniciados con esquema ll,2007-02-01,2,2
MONTERO,tuberculosis,tratamientos iniciados con esquema ll,2007-02-01,1,1
PAPEL PAMPA,tuberculosis,tratamientos iniciados con esquema ll,2007-02-01,3,3
PORTACHUELO,tuberculosis,tratamientos iniciados con esquema ll,2007-02-01,2,2
PUNA,tuberculosis,tratamientos iniciados con esquema ll,2007-02-01,1,1
QUILLACOLLO,tuberculosis,tratamientos iniciados con esquema ll,2007-02-01,1,1
RIBERALTA,tuberculosis,tratamientos iniciados con esquema ll,2007-02-01,2,2
SAN BORJA,tuberculosis,tratamientos iniciados con esquema ll,2007-02-01,1,1
SAN JULIAN,tuberculosis,tratamientos iniciados con esquema ll,2007-02-01,1,1
SAN LUCAS,tuberculosis,tratamientos iniciados con esquema ll,2007-02-01,1,1
SANTA CRUZ DE LA SIERRA,tuberculosis,tratamientos iniciados con esquema ll,2007-02-01,11,11
SANTA ROSA DEL SARA,tuberculosis,tratamientos iniciados con esquema ll,2007-02-01,1,1
SIPE SIPE,tuberculosis,tratamientos iniciados con esquema ll,2007-02-01,1,1
SUCRE,tuberculosis,tratamientos iniciados con esquema ll,2007-02-01,2,2
TARIJA,tuberculosis,tratamientos iniciados con esquema ll,2007-02-01,1,1
TEOPONTE,tuberculosis,tratamientos iniciados con esquema ll,2007-02-01,1,1
TIPUANI,tuberculosis,tratamientos iniciados con esquema ll,2007-02-01,1,1
TRINIDAD,tuberculosis,tratamientos iniciados con esquema ll,2007-02-01,2,2
UNCIA,tuberculosis,tratamientos iniciados con esquema ll,2007-02-01,2,2
VILLA TUNARI,tuberculosis,tratamientos iniciados con esquema ll,2007-02-01,1,1
VINTO,tuberculosis,tratamientos iniciados con esquema ll,2007-02-01,1,1
YAPACANI,tuberculosis,tratamientos iniciados con esquema ll,2007-02-01,1,1
ASCENCION DE GUARAYOS,tuberculosis,tratamientos iniciados con esquema ll,2007-03-01,1,1
AZURDUY,tuberculosis,tratamientos iniciados con esquema ll,2007-03-01,1,1
BERMEJO,tuberculosis,tratamientos iniciados con esquema ll,2007-03-01,2,2
BETANZOS,tuberculosis,tratamientos iniciados con esquema ll,2007-03-01,2,2
CAMIRI,tuberculosis,tratamientos iniciados con esquema ll,2007-03-01,3,3
CARANAVI,tuberculosis,tratamientos iniciados con esquema ll,2007-03-01,4,4
CARMEN RIVERO TORREZ,tuberculosis,tratamientos iniciados con esquema ll,2007-03-01,1,1
CHALLAPATA,tuberculosis,tratamientos iniciados con esquema ll,2007-03-01,1,1
CHUMA,tuberculosis,tratamientos iniciados con esquema ll,2007-03-01,2,2
COBIJA,tuberculosis,tratamientos iniciados con esquema ll,2007-03-01,1,1
COCHABAMBA,tuberculosis,tratamientos iniciados con esquema ll,2007-03-01,4,4
COMBAYA,tuberculosis,tratamientos iniciados con esquema ll,2007-03-01,1,1
CUATRO CAÑADAS,tuberculosis,tratamientos iniciados con esquema ll,2007-03-01,2,2
EL ALTO,tuberculosis,tratamientos iniciados con esquema ll,2007-03-01,4,4
EL TORNO,tuberculosis,tratamientos iniciados con esquema ll,2007-03-01,1,1
ENTRE RIOS,tuberculosis,tratamientos iniciados con esquema ll,2007-03-01,1,1
GUANAY,tuberculosis,tratamientos iniciados con esquema ll,2007-03-01,1,1
IRUPANA (VILLA DE LANZA),tuberculosis,tratamientos iniciados con esquema ll,2007-03-01,1,1
LA GUARDIA,tuberculosis,tratamientos iniciados con esquema ll,2007-03-01,2,2
LA PAZ,tuberculosis,tratamientos iniciados con esquema ll,2007-03-01,4,4
LLALLAGUA,tuberculosis,tratamientos iniciados con esquema ll,2007-03-01,1,1
MAPIRI,tuberculosis,tratamientos iniciados con esquema ll,2007-03-01,1,1
MECAPACA,tuberculosis,tratamientos iniciados con esquema ll,2007-03-01,1,1
MIZQUE,tuberculosis,tratamientos iniciados con esquema ll,2007-03-01,2,2
MONTERO,tuberculosis,tratamientos iniciados con esquema ll,2007-03-01,1,1
MOROCHATA,tuberculosis,tratamientos iniciados con esquema ll,2007-03-01,1,1
ORURO,tuberculosis,tratamientos iniciados con esquema ll,2007-03-01,1,1
PALCA,tuberculosis,tratamientos iniciados con esquema ll,2007-03-01,1,1
PORONGO,tuberculosis,tratamientos iniciados con esquema ll,2007-03-01,1,1
PUERTO VILLARROEL,tuberculosis,tratamientos iniciados con esquema ll,2007-03-01,1,1
PUNA,tuberculosis,tratamientos iniciados con esquema ll,2007-03-01,1,1
SAN BORJA,tuberculosis,tratamientos iniciados con esquema ll,2007-03-01,1,1
SAN PEDRO,tuberculosis,tratamientos iniciados con esquema ll,2007-03-01,1,1
SANTA CRUZ DE LA SIERRA,tuberculosis,tratamientos iniciados con esquema ll,2007-03-01,16,16
SANTA ROSA DEL SARA,tuberculosis,tratamientos iniciados con esquema ll,2007-03-01,1,1
SIPE SIPE,tuberculosis,tratamientos iniciados con esquema ll,2007-03-01,1,1
SORATA,tuberculosis,tratamientos iniciados con esquema ll,2007-03-01,2,2
SUCRE,tuberculosis,tratamientos iniciados con esquema ll,2007-03-01,2,2
TARIJA,tuberculosis,tratamientos iniciados con esquema ll,2007-03-01,2,2
TIPUANI,tuberculosis,tratamientos iniciados con esquema ll,2007-03-01,1,1
UNCIA,tuberculosis,tratamientos iniciados con esquema ll,2007-03-01,1,1
VIACHA,tuberculosis,tratamientos iniciados con esquema ll,2007-03-01,1,1
VILLA TUNARI,tuberculosis,tratamientos iniciados con esquema ll,2007-03-01,2,2
VINTO,tuberculosis,tratamientos iniciados con esquema ll,2007-03-01,1,1
YOTALA,tuberculosis,tratamientos iniciados con esquema ll,2007-03-01,1,1
BERMEJO,tuberculosis,tratamientos iniciados con esquema ll,2007-04-01,1,1
CAMIRI,tuberculosis,tratamientos iniciados con esquema ll,2007-04-01,1,1
CARANAVI,tuberculosis,tratamientos iniciados con esquema ll,2007-04-01,2,2
CHARAGUA,tuberculosis,tratamientos iniciados con esquema ll,2007-04-01,1,1
COCHABAMBA,tuberculosis,tratamientos iniciados con esquema ll,2007-04-01,5,5
CORIPATA,tuberculosis,tratamientos iniciados con esquema ll,2007-04-01,1,1
COTAGAITA,tuberculosis,tratamientos iniciados con esquema ll,2007-04-01,10,10
EL ALTO,tuberculosis,tratamientos iniciados con esquema ll,2007-04-01,3,3
EL TORNO,tuberculosis,tratamientos iniciados con esquema ll,2007-04-01,2,2
LA PAZ,tuberculosis,tratamientos iniciados con esquema ll,2007-04-01,9,9
LLALLAGUA,tuberculosis,tratamientos iniciados con esquema ll,2007-04-01,1,1
MINEROS,tuberculosis,tratamientos iniciados con esquema ll,2007-04-01,1,1
MONTERO,tuberculosis,tratamientos iniciados con esquema ll,2007-04-01,1,1
ORURO,tuberculosis,tratamientos iniciados con esquema ll,2007-04-01,2,2
PORONGO,tuberculosis,tratamientos iniciados con esquema ll,2007-04-01,1,1
PUERTO QUIJARRO,tuberculosis,tratamientos iniciados con esquema ll,2007-04-01,1,1
PUERTO VILLARROEL,tuberculosis,tratamientos iniciados con esquema ll,2007-04-01,3,3
PUNA,tuberculosis,tratamientos iniciados con esquema ll,2007-04-01,2,2
QUILLACOLLO,tuberculosis,tratamientos iniciados con esquema ll,2007-04-01,3,3
SAN IGNACIO DE VELASCO,tuberculosis,tratamientos iniciados con esquema ll,2007-04-01,1,1
SAN JAVIER(STC),tuberculosis,tratamientos iniciados con esquema ll,2007-04-01,2,2
SANTA CRUZ DE LA SIERRA,tuberculosis,tratamientos iniciados con esquema ll,2007-04-01,8,8
SANTA ROSA DEL SARA,tuberculosis,tratamientos iniciados con esquema ll,2007-04-01,1,1
TIPUANI,tuberculosis,tratamientos iniciados con esquema ll,2007-04-01,1,1
TIRAQUE (CBBA),tuberculosis,tratamientos iniciados con esquema ll,2007-04-01,1,1
TOMINA,tuberculosis,tratamientos iniciados con esquema ll,2007-04-01,1,1
TRINIDAD,tuberculosis,tratamientos iniciados con esquema ll,2007-04-01,1,1
UNCIA,tuberculosis,tratamientos iniciados con esquema ll,2007-04-01,1,1
VILLA TUNARI,tuberculosis,tratamientos iniciados con esquema ll,2007-04-01,4,4
VINTO,tuberculosis,tratamientos iniciados con esquema ll,2007-04-01,1,1
YACUIBA,tuberculosis,tratamientos iniciados con esquema ll,2007-04-01,1,1
ACACIO,tuberculosis,tratamientos iniciados con esquema ll,2007-05-01,1,1
ACHOCALLA,tuberculosis,tratamientos iniciados con esquema ll,2007-05-01,3,3
ARQUE,tuberculosis,tratamientos iniciados con esquema ll,2007-05-01,1,1
AYATA,tuberculosis,tratamientos iniciados con esquema ll,2007-05-01,1,1
AYOPAYA (V. DE INDEPENDENCIA),tuberculosis,tratamientos iniciados con esquema ll,2007-05-01,1,1
CAMIRI,tuberculosis,tratamientos iniciados con esquema ll,2007-05-01,4,4
CARANAVI,tuberculosis,tratamientos iniciados con esquema ll,2007-05-01,2,2
CHIMORE,tuberculosis,tratamientos iniciados con esquema ll,2007-05-01,1,1
COBIJA,tuberculosis,tratamientos iniciados con esquema ll,2007-05-01,4,4
COCHABAMBA,tuberculosis,tratamientos iniciados con esquema ll,2007-05-01,2,2
"COLCHA ""K""",tuberculosis,tratamientos iniciados con esquema ll,2007-05-01,1,1
COLPA BELGICA,tuberculosis,tratamientos iniciados con esquema ll,2007-05-01,1,1
COROICO,tuberculosis,tratamientos iniciados con esquema ll,2007-05-01,1,1
COTOCA,tuberculosis,tratamientos iniciados con esquema ll,2007-05-01,1,1
CULPINA,tuberculosis,tratamientos iniciados con esquema ll,2007-05-01,1,1
EL ALTO,tuberculosis,tratamientos iniciados con esquema ll,2007-05-01,7,7
GUANAY,tuberculosis,tratamientos iniciados con esquema ll,2007-05-01,1,1
LA ASUNTA,tuberculosis,tratamientos iniciados con esquema ll,2007-05-01,1,1
LA PAZ,tuberculosis,tratamientos iniciados con esquema ll,2007-05-01,4,4
MIZQUE,tuberculosis,tratamientos iniciados con esquema ll,2007-05-01,1,1
MONTERO,tuberculosis,tratamientos iniciados con esquema ll,2007-05-01,1,1
MORO MORO,tuberculosis,tratamientos iniciados con esquema ll,2007-05-01,1,1
MOROCHATA,tuberculosis,tratamientos iniciados con esquema ll,2007-05-01,1,1
ORURO,tuberculosis,tratamientos iniciados con esquema ll,2007-05-01,1,1
PALCA,tuberculosis,tratamientos iniciados con esquema ll,2007-05-01,1,1
POSTRER VALLE,tuberculosis,tratamientos iniciados con esquema ll,2007-05-01,1,1
PUERTO VILLARROEL,tuberculosis,tratamientos iniciados con esquema ll,2007-05-01,4,4
PUNA,tuberculosis,tratamientos iniciados con esquema ll,2007-05-01,1,1
QUILLACOLLO,tuberculosis,tratamientos iniciados con esquema ll,2007-05-01,1,1
QUIRUSILLAS,tuberculosis,tratamientos iniciados con esquema ll,2007-05-01,1,1
RIBERALTA,tuberculosis,tratamientos iniciados con esquema ll,2007-05-01,1,1
SAN BORJA,tuberculosis,tratamientos iniciados con esquema ll,2007-05-01,1,1
SANTA CRUZ DE LA SIERRA,tuberculosis,tratamientos iniciados con esquema ll,2007-05-01,25,25
TEOPONTE,tuberculosis,tratamientos iniciados con esquema ll,2007-05-01,1,1
TIPUANI,tuberculosis,tratamientos iniciados con esquema ll,2007-05-01,2,2
TIRAQUE (CBBA),tuberculosis,tratamientos iniciados con esquema ll,2007-05-01,2,2
TOTORA(CBBA),tuberculosis,tratamientos iniciados con esquema ll,2007-05-01,1,1
VINTO,tuberculosis,tratamientos iniciados con esquema ll,2007-05-01,1,1
WARNES,tuberculosis,tratamientos iniciados con esquema ll,2007-05-01,1,1
YACUIBA,tuberculosis,tratamientos iniciados con esquema ll,2007-05-01,34,34
CAMIRI,tuberculosis,tratamientos iniciados con esquema ll,2007-06-01,2,2
CARACOLLO,tuberculosis,tratamientos iniciados con esquema ll,2007-06-01,2,2
CARANAVI,tuberculosis,tratamientos iniciados con esquema ll,2007-06-01,1,1
CHARAGUA,tuberculosis,tratamientos iniciados con esquema ll,2007-06-01,1,1
CLIZA,tuberculosis,tratamientos iniciados con esquema ll,2007-06-01,1,1
COBIJA,tuberculosis,tratamientos iniciados con esquema ll,2007-06-01,1,1
COCHABAMBA,tuberculosis,tratamientos iniciados con esquema ll,2007-06-01,3,3
CORIPATA,tuberculosis,tratamientos iniciados con esquema ll,2007-06-01,1,1
COTAGAITA,tuberculosis,tratamientos iniciados con esquema ll,2007-06-01,1,1
COTOCA,tuberculosis,tratamientos iniciados con esquema ll,2007-06-01,1,1
EL ALTO,tuberculosis,tratamientos iniciados con esquema ll,2007-06-01,4,4
EL TORNO,tuberculosis,tratamientos iniciados con esquema ll,2007-06-01,1,1
GUANAY,tuberculosis,tratamientos iniciados con esquema ll,2007-06-01,1,1
LA GUARDIA,tuberculosis,tratamientos iniciados con esquema ll,2007-06-01,1,1
LA PAZ,tuberculosis,tratamientos iniciados con esquema ll,2007-06-01,6,6
MONTERO,tuberculosis,tratamientos iniciados con esquema ll,2007-06-01,1,1
OCURI,tuberculosis,tratamientos iniciados con esquema ll,2007-06-01,1,1
PALOS BLANCOS,tuberculosis,tratamientos iniciados con esquema ll,2007-06-01,1,1
POTOSI,tuberculosis,tratamientos iniciados con esquema ll,2007-06-01,3,3
PUERTO ACOSTA,tuberculosis,tratamientos iniciados con esquema ll,2007-06-01,1,1
PUERTO VILLARROEL,tuberculosis,tratamientos iniciados con esquema ll,2007-06-01,2,2
PUNATA,tuberculosis,tratamientos iniciados con esquema ll,2007-06-01,1,1
QUILLACOLLO,tuberculosis,tratamientos iniciados con esquema ll,2007-06-01,1,1
QUIME,tuberculosis,tratamientos iniciados con esquema ll,2007-06-01,1,1
REYES,tuberculosis,tratamientos iniciados con esquema ll,2007-06-01,1,1
RIBERALTA,tuberculosis,tratamientos iniciados con esquema ll,2007-06-01,1,1
RURRENABAQUE,tuberculosis,tratamientos iniciados con esquema ll,2007-06-01,1,1
SAN IGNACIO DE VELASCO,tuberculosis,tratamientos iniciados con esquema ll,2007-06-01,1,1
SAN PEDRO,tuberculosis,tratamientos iniciados con esquema ll,2007-06-01,2,2
SANTA CRUZ DE LA SIERRA,tuberculosis,tratamientos iniciados con esquema ll,2007-06-01,34,34
SICAYA,tuberculosis,tratamientos iniciados con esquema ll,2007-06-01,1,1
SORATA,tuberculosis,tratamientos iniciados con esquema ll,2007-06-01,1,1
TIPUANI,tuberculosis,tratamientos iniciados con esquema ll,2007-06-01,1,1
TOTORA(ORR),tuberculosis,tratamientos iniciados con esquema ll,2007-06-01,1,1
TRINIDAD,tuberculosis,tratamientos iniciados con esquema ll,2007-06-01,1,1
TUPIZA,tuberculosis,tratamientos iniciados con esquema ll,2007-06-01,1,1
VILLA MONTES,tuberculosis,tratamientos iniciados con esquema ll,2007-06-01,1,1
VILLA TUNARI,tuberculosis,tratamientos iniciados con esquema ll,2007-06-01,1,1
WARNES,tuberculosis,tratamientos iniciados con esquema ll,2007-06-01,1,1
YACUIBA,tuberculosis,tratamientos iniciados con esquema ll,2007-06-01,4,4
ACHOCALLA,tuberculosis,tratamientos iniciados con esquema ll,2007-07-01,1,1
ARBIETO,tuberculosis,tratamientos iniciados con esquema ll,2007-07-01,1,1
AYOPAYA (V. DE INDEPENDENCIA),tuberculosis,tratamientos iniciados con esquema ll,2007-07-01,1,1
BERMEJO,tuberculosis,tratamientos iniciados con esquema ll,2007-07-01,1,1
BUENA VISTA,tuberculosis,tratamientos iniciados con esquema ll,2007-07-01,1,1
CARANAVI,tuberculosis,tratamientos iniciados con esquema ll,2007-07-01,1,1
CARMEN RIVERO TORREZ,tuberculosis,tratamientos iniciados con esquema ll,2007-07-01,2,2
CHARAGUA,tuberculosis,tratamientos iniciados con esquema ll,2007-07-01,1,1
COCHABAMBA,tuberculosis,tratamientos iniciados con esquema ll,2007-07-01,3,3
COLCAPIRHUA,tuberculosis,tratamientos iniciados con esquema ll,2007-07-01,1,1
CORIPATA,tuberculosis,tratamientos iniciados con esquema ll,2007-07-01,1,1
EL TORNO,tuberculosis,tratamientos iniciados con esquema ll,2007-07-01,1,1
ENTRE RIOS,tuberculosis,tratamientos iniciados con esquema ll,2007-07-01,1,1
ENTRE RIOS,tuberculosis,tratamientos iniciados con esquema ll,2007-07-01,1,1
IRUPANA (VILLA DE LANZA),tuberculosis,tratamientos iniciados con esquema ll,2007-07-01,1,1
LA GUARDIA,tuberculosis,tratamientos iniciados con esquema ll,2007-07-01,2,2
LA PAZ,tuberculosis,tratamientos iniciados con esquema ll,2007-07-01,2,2
LLALLAGUA,tuberculosis,tratamientos iniciados con esquema ll,2007-07-01,1,1
MINEROS,tuberculosis,tratamientos iniciados con esquema ll,2007-07-01,1,1
MIZQUE,tuberculosis,tratamientos iniciados con esquema ll,2007-07-01,1,1
MONTERO,tuberculosis,tratamientos iniciados con esquema ll,2007-07-01,1,1
OCURI,tuberculosis,tratamientos iniciados con esquema ll,2007-07-01,2,2
POTOSI,tuberculosis,tratamientos iniciados con esquema ll,2007-07-01,2,2
PUERTO VILLARROEL,tuberculosis,tratamientos iniciados con esquema ll,2007-07-01,1,1
RIBERALTA,tuberculosis,tratamientos iniciados con esquema ll,2007-07-01,2,2
SACABA,tuberculosis,tratamientos iniciados con esquema ll,2007-07-01,1,1
SANTA CRUZ DE LA SIERRA,tuberculosis,tratamientos iniciados con esquema ll,2007-07-01,24,24
TIPUANI,tuberculosis,tratamientos iniciados con esquema ll,2007-07-01,2,2
VACAS,tuberculosis,tratamientos iniciados con esquema ll,2007-07-01,1,1
VIACHA,tuberculosis,tratamientos iniciados con esquema ll,2007-07-01,1,1
VILLA MONTES,tuberculosis,tratamientos iniciados con esquema ll,2007-07-01,3,3
VILLA TUNARI,tuberculosis,tratamientos iniciados con esquema ll,2007-07-01,2,2
WARNES,tuberculosis,tratamientos iniciados con esquema ll,2007-07-01,1,1
YACUIBA,tuberculosis,tratamientos iniciados con esquema ll,2007-07-01,1,1
ACHOCALLA,tuberculosis,tratamientos iniciados con esquema ll,2007-08-01,1,1
BERMEJO,tuberculosis,tratamientos iniciados con esquema ll,2007-08-01,1,1
CABEZAS,tuberculosis,tratamientos iniciados con esquema ll,2007-08-01,2,2
CAMIRI,tuberculosis,tratamientos iniciados con esquema ll,2007-08-01,1,1
CAPINOTA,tuberculosis,tratamientos iniciados con esquema ll,2007-08-01,1,1
CARACOLLO,tuberculosis,tratamientos iniciados con esquema ll,2007-08-01,1,1
CARMEN RIVERO TORREZ,tuberculosis,tratamientos iniciados con esquema ll,2007-08-01,3,3
CHIMORE,tuberculosis,tratamientos iniciados con esquema ll,2007-08-01,1,1
COBIJA,tuberculosis,tratamientos iniciados con esquema ll,2007-08-01,1,1
COCHABAMBA,tuberculosis,tratamientos iniciados con esquema ll,2007-08-01,1,1
CORIPATA,tuberculosis,tratamientos iniciados con esquema ll,2007-08-01,1,1
CUATRO CAÑADAS,tuberculosis,tratamientos iniciados con esquema ll,2007-08-01,1,1
EL ALTO,tuberculosis,tratamientos iniciados con esquema ll,2007-08-01,2,2
GUANAY,tuberculosis,tratamientos iniciados con esquema ll,2007-08-01,1,1
LA GUARDIA,tuberculosis,tratamientos iniciados con esquema ll,2007-08-01,1,1
LA PAZ,tuberculosis,tratamientos iniciados con esquema ll,2007-08-01,6,6
LLALLAGUA,tuberculosis,tratamientos iniciados con esquema ll,2007-08-01,1,1
LURIBAY,tuberculosis,tratamientos iniciados con esquema ll,2007-08-01,1,1
MAPIRI,tuberculosis,tratamientos iniciados con esquema ll,2007-08-01,2,2
MONTERO,tuberculosis,tratamientos iniciados con esquema ll,2007-08-01,2,2
PAILON,tuberculosis,tratamientos iniciados con esquema ll,2007-08-01,1,1
POTOSI,tuberculosis,tratamientos iniciados con esquema ll,2007-08-01,1,1
SAN BORJA,tuberculosis,tratamientos iniciados con esquema ll,2007-08-01,1,1
SANTA CRUZ DE LA SIERRA,tuberculosis,tratamientos iniciados con esquema ll,2007-08-01,14,14
SICAYA,tuberculosis,tratamientos iniciados con esquema ll,2007-08-01,1,1
TINGUIPAYA,tuberculosis,tratamientos iniciados con esquema ll,2007-08-01,1,1
TIPUANI,tuberculosis,tratamientos iniciados con esquema ll,2007-08-01,1,1
UMALA,tuberculosis,tratamientos iniciados con esquema ll,2007-08-01,1,1
UNCIA,tuberculosis,tratamientos iniciados con esquema ll,2007-08-01,1,1
VILLA MONTES,tuberculosis,tratamientos iniciados con esquema ll,2007-08-01,1,1
YACUIBA,tuberculosis,tratamientos iniciados con esquema ll,2007-08-01,1,1
YAPACANI,tuberculosis,tratamientos iniciados con esquema ll,2007-08-01,2,2
BERMEJO,tuberculosis,tratamientos iniciados con esquema ll,2007-09-01,1,1
CABEZAS,tuberculosis,tratamientos iniciados con esquema ll,2007-09-01,1,1
CAPINOTA,tuberculosis,tratamientos iniciados con esquema ll,2007-09-01,1,1
CARANAVI,tuberculosis,tratamientos iniciados con esquema ll,2007-09-01,3,3
CARMEN RIVERO TORREZ,tuberculosis,tratamientos iniciados con esquema ll,2007-09-01,1,1
CHARAGUA,tuberculosis,tratamientos iniciados con esquema ll,2007-09-01,1,1
CHIMORE,tuberculosis,tratamientos iniciados con esquema ll,2007-09-01,1,1
CLIZA,tuberculosis,tratamientos iniciados con esquema ll,2007-09-01,1,1
COCHABAMBA,tuberculosis,tratamientos iniciados con esquema ll,2007-09-01,3,3
COLQUECHACA,tuberculosis,tratamientos iniciados con esquema ll,2007-09-01,1,1
CORIPATA,tuberculosis,tratamientos iniciados con esquema ll,2007-09-01,1,1
COROICO,tuberculosis,tratamientos iniciados con esquema ll,2007-09-01,1,1
EL ALTO,tuberculosis,tratamientos iniciados con esquema ll,2007-09-01,3,3
ENTRE RIOS,tuberculosis,tratamientos iniciados con esquema ll,2007-09-01,3,3
ENTRE RIOS,tuberculosis,tratamientos iniciados con esquema ll,2007-09-01,2,2
GENERAL SAAVEDRA,tuberculosis,tratamientos iniciados con esquema ll,2007-09-01,2,2
HUANUNI,tuberculosis,tratamientos iniciados con esquema ll,2007-09-01,1,1
INQUISIVI,tuberculosis,tratamientos iniciados con esquema ll,2007-09-01,1,1
LA GUARDIA,tuberculosis,tratamientos iniciados con esquema ll,2007-09-01,2,2
LA PAZ,tuberculosis,tratamientos iniciados con esquema ll,2007-09-01,5,5
LAGUNILLAS,tuberculosis,tratamientos iniciados con esquema ll,2007-09-01,1,1
MIZQUE,tuberculosis,tratamientos iniciados con esquema ll,2007-09-01,1,1
MONTERO,tuberculosis,tratamientos iniciados con esquema ll,2007-09-01,1,1
POTOSI,tuberculosis,tratamientos iniciados con esquema ll,2007-09-01,1,1
PUNATA,tuberculosis,tratamientos iniciados con esquema ll,2007-09-01,1,1
QUILLACOLLO,tuberculosis,tratamientos iniciados con esquema ll,2007-09-01,2,2
REYES,tuberculosis,tratamientos iniciados con esquema ll,2007-09-01,3,3
SACABA,tuberculosis,tratamientos iniciados con esquema ll,2007-09-01,1,1
SAN BORJA,tuberculosis,tratamientos iniciados con esquema ll,2007-09-01,1,1
SAN JULIAN,tuberculosis,tratamientos iniciados con esquema ll,2007-09-01,1,1
SAN PEDRO,tuberculosis,tratamientos iniciados con esquema ll,2007-09-01,1,1
SANTA CRUZ DE LA SIERRA,tuberculosis,tratamientos iniciados con esquema ll,2007-09-01,10,10
SORATA,tuberculosis,tratamientos iniciados con esquema ll,2007-09-01,1,1
SUCRE,tuberculosis,tratamientos iniciados con esquema ll,2007-09-01,4,4
TARABUCO,tuberculosis,tratamientos iniciados con esquema ll,2007-09-01,1,1
TARIJA,tuberculosis,tratamientos iniciados con esquema ll,2007-09-01,2,2
TEOPONTE,tuberculosis,tratamientos iniciados con esquema ll,2007-09-01,1,1
TOCO,tuberculosis,tratamientos iniciados con esquema ll,2007-09-01,2,2
TRINIDAD,tuberculosis,tratamientos iniciados con esquema ll,2007-09-01,1,1
UNCIA,tuberculosis,tratamientos iniciados con esquema ll,2007-09-01,1,1
VILLA TUNARI,tuberculosis,tratamientos iniciados con esquema ll,2007-09-01,1,1
WARNES,tuberculosis,tratamientos iniciados con esquema ll,2007-09-01,1,1
YACUIBA,tuberculosis,tratamientos iniciados con esquema ll,2007-09-01,4,4
ARAMPAMPA,tuberculosis,tratamientos iniciados con esquema ll,2007-10-01,1,1
ASCENCION DE GUARAYOS,tuberculosis,tratamientos iniciados con esquema ll,2007-10-01,1,1
ATOCHA,tuberculosis,tratamientos iniciados con esquema ll,2007-10-01,1,1
BERMEJO,tuberculosis,tratamientos iniciados con esquema ll,2007-10-01,1,1
"CAIZA ""D""",tuberculosis,tratamientos iniciados con esquema ll,2007-10-01,1,1
CARANAVI,tuberculosis,tratamientos iniciados con esquema ll,2007-10-01,1,1
CARMEN RIVERO TORREZ,tuberculosis,tratamientos iniciados con esquema ll,2007-10-01,1,1
COCHABAMBA,tuberculosis,tratamientos iniciados con esquema ll,2007-10-01,2,2
COLCAPIRHUA,tuberculosis,tratamientos iniciados con esquema ll,2007-10-01,1,1
"COLCHA ""K""",tuberculosis,tratamientos iniciados con esquema ll,2007-10-01,1,1
COLOMI,tuberculosis,tratamientos iniciados con esquema ll,2007-10-01,1,1
COTAGAITA,tuberculosis,tratamientos iniciados con esquema ll,2007-10-01,1,1
EL ALTO,tuberculosis,tratamientos iniciados con esquema ll,2007-10-01,1,1
ENTRE RIOS,tuberculosis,tratamientos iniciados con esquema ll,2007-10-01,1,1
INGAVI (HUMAITA),tuberculosis,tratamientos iniciados con esquema ll,2007-10-01,1,1
IRUPANA (VILLA DE LANZA),tuberculosis,tratamientos iniciados con esquema ll,2007-10-01,2,2
LA ASUNTA,tuberculosis,tratamientos iniciados con esquema ll,2007-10-01,1,1
LA GUARDIA,tuberculosis,tratamientos iniciados con esquema ll,2007-10-01,1,1
LA PAZ,tuberculosis,tratamientos iniciados con esquema ll,2007-10-01,8,8
LLALLAGUA,tuberculosis,tratamientos iniciados con esquema ll,2007-10-01,1,1
MONTERO,tuberculosis,tratamientos iniciados con esquema ll,2007-10-01,3,3
NACEBE (SANTA ROSA DEL ABUNA),tuberculosis,tratamientos iniciados con esquema ll,2007-10-01,1,1
PATACAMAYA,tuberculosis,tratamientos iniciados con esquema ll,2007-10-01,1,1
POTOSI,tuberculosis,tratamientos iniciados con esquema ll,2007-10-01,4,4
PUERTO VILLARROEL,tuberculosis,tratamientos iniciados con esquema ll,2007-10-01,1,1
QUILLACOLLO,tuberculosis,tratamientos iniciados con esquema ll,2007-10-01,1,1
REYES,tuberculosis,tratamientos iniciados con esquema ll,2007-10-01,7,7
RIBERALTA,tuberculosis,tratamientos iniciados con esquema ll,2007-10-01,6,6
SAN LORENZO(PND),tuberculosis,tratamientos iniciados con esquema ll,2007-10-01,2,2
SANTA CRUZ DE LA SIERRA,tuberculosis,tratamientos iniciados con esquema ll,2007-10-01,21,21
SORATA,tuberculosis,tratamientos iniciados con esquema ll,2007-10-01,1,1
SUCRE,tuberculosis,tratamientos iniciados con esquema ll,2007-10-01,2,2
TACACOMA,tuberculosis,tratamientos iniciados con esquema ll,2007-10-01,1,1
TRINIDAD,tuberculosis,tratamientos iniciados con esquema ll,2007-10-01,1,1
TUPIZA,tuberculosis,tratamientos iniciados con esquema ll,2007-10-01,1,1
VILLA NUEVA (LOMA ALTA),tuberculosis,tratamientos iniciados con esquema ll,2007-10-01,1,1
WARNES,tuberculosis,tratamientos iniciados con esquema ll,2007-10-01,1,1
YACUIBA,tuberculosis,tratamientos iniciados con esquema ll,2007-10-01,2,2
YAPACANI,tuberculosis,tratamientos iniciados con esquema ll,2007-10-01,3,3
YUNCHARA,tuberculosis,tratamientos iniciados con esquema ll,2007-10-01,1,1
AZURDUY,tuberculosis,tratamientos iniciados con esquema ll,2007-11-01,1,1
BERMEJO,tuberculosis,tratamientos iniciados con esquema ll,2007-11-01,1,1
BOYUIBE,tuberculosis,tratamientos iniciados con esquema ll,2007-11-01,1,1
CABEZAS,tuberculosis,tratamientos iniciados con esquema ll,2007-11-01,2,2
"CAIZA ""D""",tuberculosis,tratamientos iniciados con esquema ll,2007-11-01,1,1
CARACOLLO,tuberculosis,tratamientos iniciados con esquema ll,2007-11-01,1,1
CARANAVI,tuberculosis,tratamientos iniciados con esquema ll,2007-11-01,1,1
COBIJA,tuberculosis,tratamientos iniciados con esquema ll,2007-11-01,1,1
COCHABAMBA,tuberculosis,tratamientos iniciados con esquema ll,2007-11-01,3,3
COTAGAITA,tuberculosis,tratamientos iniciados con esquema ll,2007-11-01,1,1
CUATRO CAÑADAS,tuberculosis,tratamientos iniciados con esquema ll,2007-11-01,1,1
EL ALTO,tuberculosis,tratamientos iniciados con esquema ll,2007-11-01,2,2
INQUISIVI,tuberculosis,tratamientos iniciados con esquema ll,2007-11-01,1,1
LA ASUNTA,tuberculosis,tratamientos iniciados con esquema ll,2007-11-01,1,1
LA GUARDIA,tuberculosis,tratamientos iniciados con esquema ll,2007-11-01,4,4
LA PAZ,tuberculosis,tratamientos iniciados con esquema ll,2007-11-01,6,6
MONTERO,tuberculosis,tratamientos iniciados con esquema ll,2007-11-01,5,5
ORURO,tuberculosis,tratamientos iniciados con esquema ll,2007-11-01,1,1
PADCAYA,tuberculosis,tratamientos iniciados con esquema ll,2007-11-01,2,2
POJO (CBBA),tuberculosis,tratamientos iniciados con esquema ll,2007-11-01,1,1
POTOSI,tuberculosis,tratamientos iniciados con esquema ll,2007-11-01,2,2
PUERTO VILLARROEL,tuberculosis,tratamientos iniciados con esquema ll,2007-11-01,1,1
PUNA,tuberculosis,tratamientos iniciados con esquema ll,2007-11-01,1,1
ROBORE,tuberculosis,tratamientos iniciados con esquema ll,2007-11-01,2,2
SAN BORJA,tuberculosis,tratamientos iniciados con esquema ll,2007-11-01,2,2
SAN IGNACIO DE VELASCO,tuberculosis,tratamientos iniciados con esquema ll,2007-11-01,1,1
SAN RAMON,tuberculosis,tratamientos iniciados con esquema ll,2007-11-01,2,2
SANTA CRUZ DE LA SIERRA,tuberculosis,tratamientos iniciados con esquema ll,2007-11-01,13,13
SAPAHAQUI,tuberculosis,tratamientos iniciados con esquema ll,2007-11-01,3,3
SORATA,tuberculosis,tratamientos iniciados con esquema ll,2007-11-01,4,4
TARIJA,tuberculosis,tratamientos iniciados con esquema ll,2007-11-01,1,1
TIPUANI,tuberculosis,tratamientos iniciados con esquema ll,2007-11-01,1,1
TIRAQUE (CBBA),tuberculosis,tratamientos iniciados con esquema ll,2007-11-01,1,1
VILA VILA,tuberculosis,tratamientos iniciados con esquema ll,2007-11-01,1,1
VILLA TUNARI,tuberculosis,tratamientos iniciados con esquema ll,2007-11-01,1,1
VILLAZON,tuberculosis,tratamientos iniciados con esquema ll,2007-11-01,1,1
WARNES,tuberculosis,tratamientos iniciados con esquema ll,2007-11-01,3,3
YACUIBA,tuberculosis,tratamientos iniciados con esquema ll,2007-11-01,5,5
YAPACANI,tuberculosis,tratamientos iniciados con esquema ll,2007-11-01,1,1
YOTALA,tuberculosis,tratamientos iniciados con esquema ll,2007-11-01,1,1
AIQUILE,tuberculosis,tratamientos iniciados con esquema ll,2007-12-01,1,1
CAQUIAVIRI,tuberculosis,tratamientos iniciados con esquema ll,2007-12-01,1,1
CARMEN RIVERO TORREZ,tuberculosis,tratamientos iniciados con esquema ll,2007-12-01,2,2
CHARAGUA,tuberculosis,tratamientos iniciados con esquema ll,2007-12-01,2,2
COCHABAMBA,tuberculosis,tratamientos iniciados con esquema ll,2007-12-01,3,3
COLQUECHACA,tuberculosis,tratamientos iniciados con esquema ll,2007-12-01,1,1
CORIPATA,tuberculosis,tratamientos iniciados con esquema ll,2007-12-01,1,1
COTOCA,tuberculosis,tratamientos iniciados con esquema ll,2007-12-01,1,1
EL ALTO,tuberculosis,tratamientos iniciados con esquema ll,2007-12-01,3,3
EL PUENTE(TJA),tuberculosis,tratamientos iniciados con esquema ll,2007-12-01,1,1
EL TORNO,tuberculosis,tratamientos iniciados con esquema ll,2007-12-01,1,1
GUAYARAMERIN,tuberculosis,tratamientos iniciados con esquema ll,2007-12-01,10,10
HUANUNI,tuberculosis,tratamientos iniciados con esquema ll,2007-12-01,1,1
ICLA,tuberculosis,tratamientos iniciados con esquema ll,2007-12-01,1,1
LA GUARDIA,tuberculosis,tratamientos iniciados con esquema ll,2007-12-01,2,2
LA PAZ,tuberculosis,tratamientos iniciados con esquema ll,2007-12-01,3,3
MACHARETI,tuberculosis,tratamientos iniciados con esquema ll,2007-12-01,1,1
MONTERO,tuberculosis,tratamientos iniciados con esquema ll,2007-12-01,1,1
PADCAYA,tuberculosis,tratamientos iniciados con esquema ll,2007-12-01,1,1
PORTACHUELO,tuberculosis,tratamientos iniciados con esquema ll,2007-12-01,1,1
POTOSI,tuberculosis,tratamientos iniciados con esquema ll,2007-12-01,1,1
RAVELO,tuberculosis,tratamientos iniciados con esquema ll,2007-12-01,1,1
RURRENABAQUE,tuberculosis,tratamientos iniciados con esquema ll,2007-12-01,1,1
SAN CARLOS,tuberculosis,tratamientos iniciados con esquema ll,2007-12-01,1,1
SAN PEDRO DE BUENA VISTA,tuberculosis,tratamientos iniciados con esquema ll,2007-12-01,1,1
SANTA CRUZ DE LA SIERRA,tuberculosis,tratamientos iniciados con esquema ll,2007-12-01,10,10
SUCRE,tuberculosis,tratamientos iniciados con esquema ll,2007-12-01,1,1
TARABUCO,tuberculosis,tratamientos iniciados con esquema ll,2007-12-01,1,1
TIPUANI,tuberculosis,tratamientos iniciados con esquema ll,2007-12-01,1,1
TORO TORO,tuberculosis,tratamientos iniciados con esquema ll,2007-12-01,1,1
TRINIDAD,tuberculosis,tratamientos iniciados con esquema ll,2007-12-01,1,1
UYUNI,tuberculosis,tratamientos iniciados con esquema ll,2007-12-01,1,1
VILLA MONTES,tuberculosis,tratamientos iniciados con esquema ll,2007-12-01,2,2
YACUIBA,tuberculosis,tratamientos iniciados con esquema ll,2007-12-01,3,3
YAPACANI,tuberculosis,tratamientos iniciados con esquema ll,2007-12-01,1,1
