municipality,group,variable,month,Tratamientos iniciados con esquema l,TOTAL
ACHACACHI,tuberculosis,tratamientos iniciados con esquema l,2009-01-01,5,5
ACHOCALLA,tuberculosis,tratamientos iniciados con esquema l,2009-01-01,1,1
AIQUILE,tuberculosis,tratamientos iniciados con esquema l,2009-01-01,2,2
APOLO,tuberculosis,tratamientos iniciados con esquema l,2009-01-01,4,4
ASCENCION DE GUARAYOS,tuberculosis,tratamientos iniciados con esquema l,2009-01-01,1,1
AYOPAYA (V. DE INDEPENDENCIA),tuberculosis,tratamientos iniciados con esquema l,2009-01-01,1,1
BAURES,tuberculosis,tratamientos iniciados con esquema l,2009-01-01,1,1
BERMEJO,tuberculosis,tratamientos iniciados con esquema l,2009-01-01,2,2
"CAIZA ""D""",tuberculosis,tratamientos iniciados con esquema l,2009-01-01,1,1
CAMIRI,tuberculosis,tratamientos iniciados con esquema l,2009-01-01,3,3
CAPINOTA,tuberculosis,tratamientos iniciados con esquema l,2009-01-01,2,2
CAQUIAVIRI,tuberculosis,tratamientos iniciados con esquema l,2009-01-01,1,1
CARANAVI,tuberculosis,tratamientos iniciados con esquema l,2009-01-01,16,16
CHAYANTA,tuberculosis,tratamientos iniciados con esquema l,2009-01-01,1,1
CHIMORE,tuberculosis,tratamientos iniciados con esquema l,2009-01-01,1,1
CHULUMANI (V. DE LA LIBERTAD),tuberculosis,tratamientos iniciados con esquema l,2009-01-01,5,5
CHUMA,tuberculosis,tratamientos iniciados con esquema l,2009-01-01,1,1
COBIJA,tuberculosis,tratamientos iniciados con esquema l,2009-01-01,3,3
COCHABAMBA,tuberculosis,tratamientos iniciados con esquema l,2009-01-01,33,33
COLCAPIRHUA,tuberculosis,tratamientos iniciados con esquema l,2009-01-01,1,1
COLQUECHACA,tuberculosis,tratamientos iniciados con esquema l,2009-01-01,1,1
COLQUIRI,tuberculosis,tratamientos iniciados con esquema l,2009-01-01,1,1
CORIPATA,tuberculosis,tratamientos iniciados con esquema l,2009-01-01,2,2
CORO CORO,tuberculosis,tratamientos iniciados con esquema l,2009-01-01,1,1
COTOCA,tuberculosis,tratamientos iniciados con esquema l,2009-01-01,6,6
EL ALTO,tuberculosis,tratamientos iniciados con esquema l,2009-01-01,63,63
EL TORNO,tuberculosis,tratamientos iniciados con esquema l,2009-01-01,3,3
ENTRE RIOS,tuberculosis,tratamientos iniciados con esquema l,2009-01-01,3,3
ENTRE RIOS,tuberculosis,tratamientos iniciados con esquema l,2009-01-01,4,4
FILADELFIA,tuberculosis,tratamientos iniciados con esquema l,2009-01-01,1,1
GENERAL SAAVEDRA,tuberculosis,tratamientos iniciados con esquema l,2009-01-01,1,1
GUANAY,tuberculosis,tratamientos iniciados con esquema l,2009-01-01,2,2
GUAYARAMERIN,tuberculosis,tratamientos iniciados con esquema l,2009-01-01,1,1
HUANUNI,tuberculosis,tratamientos iniciados con esquema l,2009-01-01,1,1
ICLA,tuberculosis,tratamientos iniciados con esquema l,2009-01-01,1,1
IRUPANA (VILLA DE LANZA),tuberculosis,tratamientos iniciados con esquema l,2009-01-01,3,3
LA ASUNTA,tuberculosis,tratamientos iniciados con esquema l,2009-01-01,6,6
LA GUARDIA,tuberculosis,tratamientos iniciados con esquema l,2009-01-01,3,3
LA PAZ,tuberculosis,tratamientos iniciados con esquema l,2009-01-01,96,96
LAGUNILLAS,tuberculosis,tratamientos iniciados con esquema l,2009-01-01,2,2
LICOMA PAMPA,tuberculosis,tratamientos iniciados con esquema l,2009-01-01,1,1
MAPIRI,tuberculosis,tratamientos iniciados con esquema l,2009-01-01,3,3
MECAPACA,tuberculosis,tratamientos iniciados con esquema l,2009-01-01,1,1
MIZQUE,tuberculosis,tratamientos iniciados con esquema l,2009-01-01,3,3
MONTERO,tuberculosis,tratamientos iniciados con esquema l,2009-01-01,10,10
ORURO,tuberculosis,tratamientos iniciados con esquema l,2009-01-01,7,7
PAILON,tuberculosis,tratamientos iniciados con esquema l,2009-01-01,1,1
PALCA,tuberculosis,tratamientos iniciados con esquema l,2009-01-01,1,1
PALOS BLANCOS,tuberculosis,tratamientos iniciados con esquema l,2009-01-01,4,4
PATACAMAYA,tuberculosis,tratamientos iniciados con esquema l,2009-01-01,2,2
PORONGO,tuberculosis,tratamientos iniciados con esquema l,2009-01-01,2,2
POTOSI,tuberculosis,tratamientos iniciados con esquema l,2009-01-01,10,10
PUERTO QUIJARRO,tuberculosis,tratamientos iniciados con esquema l,2009-01-01,1,1
PUERTO VILLARROEL,tuberculosis,tratamientos iniciados con esquema l,2009-01-01,9,9
PUNATA,tuberculosis,tratamientos iniciados con esquema l,2009-01-01,2,2
QUILLACOLLO,tuberculosis,tratamientos iniciados con esquema l,2009-01-01,5,5
QUIME,tuberculosis,tratamientos iniciados con esquema l,2009-01-01,1,1
RIBERALTA,tuberculosis,tratamientos iniciados con esquema l,2009-01-01,10,10
ROBORE,tuberculosis,tratamientos iniciados con esquema l,2009-01-01,2,2
RURRENABAQUE,tuberculosis,tratamientos iniciados con esquema l,2009-01-01,2,2
SACABA,tuberculosis,tratamientos iniciados con esquema l,2009-01-01,7,7
SAMAIPATA,tuberculosis,tratamientos iniciados con esquema l,2009-01-01,1,1
SAN BORJA,tuberculosis,tratamientos iniciados con esquema l,2009-01-01,3,3
SAN IGNACIO,tuberculosis,tratamientos iniciados con esquema l,2009-01-01,3,3
SAN JAVIER(STC),tuberculosis,tratamientos iniciados con esquema l,2009-01-01,1,1
SAN JOSE DE CHIQUITOS,tuberculosis,tratamientos iniciados con esquema l,2009-01-01,4,4
SAN JULIAN,tuberculosis,tratamientos iniciados con esquema l,2009-01-01,4,4
SAN RAMON,tuberculosis,tratamientos iniciados con esquema l,2009-01-01,1,1
SANTA CRUZ DE LA SIERRA,tuberculosis,tratamientos iniciados con esquema l,2009-01-01,93,93
SANTA ROSA DEL SARA,tuberculosis,tratamientos iniciados con esquema l,2009-01-01,2,2
SANTIAGO DE CALLAPA,tuberculosis,tratamientos iniciados con esquema l,2009-01-01,1,1
SICA SICA (VILLA AROMA),tuberculosis,tratamientos iniciados con esquema l,2009-01-01,2,2
SIPE SIPE,tuberculosis,tratamientos iniciados con esquema l,2009-01-01,1,1
SORATA,tuberculosis,tratamientos iniciados con esquema l,2009-01-01,5,5
SUCRE,tuberculosis,tratamientos iniciados con esquema l,2009-01-01,23,23
TAPACARI,tuberculosis,tratamientos iniciados con esquema l,2009-01-01,1,1
TARIJA,tuberculosis,tratamientos iniciados con esquema l,2009-01-01,5,5
TEOPONTE,tuberculosis,tratamientos iniciados con esquema l,2009-01-01,2,2
TINGUIPAYA,tuberculosis,tratamientos iniciados con esquema l,2009-01-01,1,1
TIPUANI,tuberculosis,tratamientos iniciados con esquema l,2009-01-01,2,2
TIRAQUE (CBBA),tuberculosis,tratamientos iniciados con esquema l,2009-01-01,3,3
TOMAVE,tuberculosis,tratamientos iniciados con esquema l,2009-01-01,1,1
TRINIDAD,tuberculosis,tratamientos iniciados con esquema l,2009-01-01,9,9
TUPIZA,tuberculosis,tratamientos iniciados con esquema l,2009-01-01,1,1
URIONDO (A. CONCEPCION),tuberculosis,tratamientos iniciados con esquema l,2009-01-01,1,1
UYUNI,tuberculosis,tratamientos iniciados con esquema l,2009-01-01,1,1
VIACHA,tuberculosis,tratamientos iniciados con esquema l,2009-01-01,2,2
VILLA MONTES,tuberculosis,tratamientos iniciados con esquema l,2009-01-01,2,2
VILLA NUEVA (LOMA ALTA),tuberculosis,tratamientos iniciados con esquema l,2009-01-01,1,1
VILLA RIVERO,tuberculosis,tratamientos iniciados con esquema l,2009-01-01,1,1
VILLA TUNARI,tuberculosis,tratamientos iniciados con esquema l,2009-01-01,9,9
VINTO,tuberculosis,tratamientos iniciados con esquema l,2009-01-01,2,2
WARNES,tuberculosis,tratamientos iniciados con esquema l,2009-01-01,4,4
YACUIBA,tuberculosis,tratamientos iniciados con esquema l,2009-01-01,9,9
YAPACANI,tuberculosis,tratamientos iniciados con esquema l,2009-01-01,5,5
ACHACACHI,tuberculosis,tratamientos iniciados con esquema l,2009-02-01,2,2
ACHOCALLA,tuberculosis,tratamientos iniciados con esquema l,2009-02-01,1,1
ALALAY,tuberculosis,tratamientos iniciados con esquema l,2009-02-01,1,1
APOLO,tuberculosis,tratamientos iniciados con esquema l,2009-02-01,1,1
ARANI,tuberculosis,tratamientos iniciados con esquema l,2009-02-01,1,1
ASCENCION DE GUARAYOS,tuberculosis,tratamientos iniciados con esquema l,2009-02-01,1,1
AYOPAYA (V. DE INDEPENDENCIA),tuberculosis,tratamientos iniciados con esquema l,2009-02-01,1,1
BATALLAS,tuberculosis,tratamientos iniciados con esquema l,2009-02-01,2,2
BAURES,tuberculosis,tratamientos iniciados con esquema l,2009-02-01,1,1
BERMEJO,tuberculosis,tratamientos iniciados con esquema l,2009-02-01,3,3
BETANZOS,tuberculosis,tratamientos iniciados con esquema l,2009-02-01,2,2
BOYUIBE,tuberculosis,tratamientos iniciados con esquema l,2009-02-01,1,1
"CAIZA ""D""",tuberculosis,tratamientos iniciados con esquema l,2009-02-01,1,1
CARANAVI,tuberculosis,tratamientos iniciados con esquema l,2009-02-01,11,11
CARAPARI,tuberculosis,tratamientos iniciados con esquema l,2009-02-01,1,1
CHARAGUA,tuberculosis,tratamientos iniciados con esquema l,2009-02-01,1,1
CHAYANTA,tuberculosis,tratamientos iniciados con esquema l,2009-02-01,1,1
CHIMORE,tuberculosis,tratamientos iniciados con esquema l,2009-02-01,3,3
CHUMA,tuberculosis,tratamientos iniciados con esquema l,2009-02-01,4,4
COBIJA,tuberculosis,tratamientos iniciados con esquema l,2009-02-01,6,6
COCHABAMBA,tuberculosis,tratamientos iniciados con esquema l,2009-02-01,21,21
COLCAPIRHUA,tuberculosis,tratamientos iniciados con esquema l,2009-02-01,1,1
"COLCHA ""K""",tuberculosis,tratamientos iniciados con esquema l,2009-02-01,1,1
COMARAPA,tuberculosis,tratamientos iniciados con esquema l,2009-02-01,1,1
CONCEPCION,tuberculosis,tratamientos iniciados con esquema l,2009-02-01,2,2
COROICO,tuberculosis,tratamientos iniciados con esquema l,2009-02-01,2,2
COTAGAITA,tuberculosis,tratamientos iniciados con esquema l,2009-02-01,1,1
COTOCA,tuberculosis,tratamientos iniciados con esquema l,2009-02-01,2,2
CUATRO CAÑADAS,tuberculosis,tratamientos iniciados con esquema l,2009-02-01,2,2
CULPINA,tuberculosis,tratamientos iniciados con esquema l,2009-02-01,1,1
EL ALTO,tuberculosis,tratamientos iniciados con esquema l,2009-02-01,40,40
EL PUENTE(TJA),tuberculosis,tratamientos iniciados con esquema l,2009-02-01,1,1
ENTRE RIOS,tuberculosis,tratamientos iniciados con esquema l,2009-02-01,3,3
FERNANDEZ ALONSO,tuberculosis,tratamientos iniciados con esquema l,2009-02-01,1,1
GRAL. J.J. PEREZ (CHARAZANI),tuberculosis,tratamientos iniciados con esquema l,2009-02-01,1,1
GUANAY,tuberculosis,tratamientos iniciados con esquema l,2009-02-01,2,2
GUAYARAMERIN,tuberculosis,tratamientos iniciados con esquema l,2009-02-01,1,1
GUTIERREZ,tuberculosis,tratamientos iniciados con esquema l,2009-02-01,1,1
INCAHUASI,tuberculosis,tratamientos iniciados con esquema l,2009-02-01,1,1
IRUPANA (VILLA DE LANZA),tuberculosis,tratamientos iniciados con esquema l,2009-02-01,1,1
LA ASUNTA,tuberculosis,tratamientos iniciados con esquema l,2009-02-01,4,4
LA GUARDIA,tuberculosis,tratamientos iniciados con esquema l,2009-02-01,9,9
LA PAZ,tuberculosis,tratamientos iniciados con esquema l,2009-02-01,85,85
LAGUNILLAS,tuberculosis,tratamientos iniciados con esquema l,2009-02-01,1,1
LAJA,tuberculosis,tratamientos iniciados con esquema l,2009-02-01,1,1
LLALLAGUA,tuberculosis,tratamientos iniciados con esquema l,2009-02-01,2,2
MAPIRI,tuberculosis,tratamientos iniciados con esquema l,2009-02-01,1,1
MONTERO,tuberculosis,tratamientos iniciados con esquema l,2009-02-01,9,9
ORURO,tuberculosis,tratamientos iniciados con esquema l,2009-02-01,11,11
PAILON,tuberculosis,tratamientos iniciados con esquema l,2009-02-01,1,1
PALOS BLANCOS,tuberculosis,tratamientos iniciados con esquema l,2009-02-01,7,7
PAMPA GRANDE,tuberculosis,tratamientos iniciados con esquema l,2009-02-01,1,1
PATACAMAYA,tuberculosis,tratamientos iniciados con esquema l,2009-02-01,1,1
PORONGO,tuberculosis,tratamientos iniciados con esquema l,2009-02-01,1,1
POTOSI,tuberculosis,tratamientos iniciados con esquema l,2009-02-01,22,22
PUERTO ACOSTA,tuberculosis,tratamientos iniciados con esquema l,2009-02-01,1,1
PUERTO CARABUCO,tuberculosis,tratamientos iniciados con esquema l,2009-02-01,1,1
PUERTO QUIJARRO,tuberculosis,tratamientos iniciados con esquema l,2009-02-01,1,1
PUERTO RICO,tuberculosis,tratamientos iniciados con esquema l,2009-02-01,1,1
PUERTO VILLARROEL,tuberculosis,tratamientos iniciados con esquema l,2009-02-01,8,8
PUNATA,tuberculosis,tratamientos iniciados con esquema l,2009-02-01,1,1
QUILLACOLLO,tuberculosis,tratamientos iniciados con esquema l,2009-02-01,3,3
RAVELO,tuberculosis,tratamientos iniciados con esquema l,2009-02-01,1,1
RIBERALTA,tuberculosis,tratamientos iniciados con esquema l,2009-02-01,6,6
SACABA,tuberculosis,tratamientos iniciados con esquema l,2009-02-01,10,10
SAN ANDRES,tuberculosis,tratamientos iniciados con esquema l,2009-02-01,1,1
SAN ANTONIO DE LOMERIO,tuberculosis,tratamientos iniciados con esquema l,2009-02-01,1,1
SAN BENITO,tuberculosis,tratamientos iniciados con esquema l,2009-02-01,1,1
SAN BORJA,tuberculosis,tratamientos iniciados con esquema l,2009-02-01,2,2
SAN CARLOS,tuberculosis,tratamientos iniciados con esquema l,2009-02-01,2,2
SAN IGNACIO DE VELASCO,tuberculosis,tratamientos iniciados con esquema l,2009-02-01,3,3
SAN JAVIER(STC),tuberculosis,tratamientos iniciados con esquema l,2009-02-01,1,1
SAN JOSE DE CHIQUITOS,tuberculosis,tratamientos iniciados con esquema l,2009-02-01,2,2
SAN JUAN DE YAPACANI,tuberculosis,tratamientos iniciados con esquema l,2009-02-01,1,1
SAN JULIAN,tuberculosis,tratamientos iniciados con esquema l,2009-02-01,9,9
SAN LORENZO(TJA),tuberculosis,tratamientos iniciados con esquema l,2009-02-01,1,1
SAN LUCAS,tuberculosis,tratamientos iniciados con esquema l,2009-02-01,1,1
SAN PEDRO,tuberculosis,tratamientos iniciados con esquema l,2009-02-01,1,1
SAN RAMON,tuberculosis,tratamientos iniciados con esquema l,2009-02-01,1,1
SANTA CRUZ DE LA SIERRA,tuberculosis,tratamientos iniciados con esquema l,2009-02-01,111,111
SANTA ROSA DEL SARA,tuberculosis,tratamientos iniciados con esquema l,2009-02-01,1,1
SANTIVAÑES,tuberculosis,tratamientos iniciados con esquema l,2009-02-01,1,1
SAPAHAQUI,tuberculosis,tratamientos iniciados con esquema l,2009-02-01,1,1
SIPE SIPE,tuberculosis,tratamientos iniciados con esquema l,2009-02-01,5,5
SORATA,tuberculosis,tratamientos iniciados con esquema l,2009-02-01,2,2
SUCRE,tuberculosis,tratamientos iniciados con esquema l,2009-02-01,15,15
TACACOMA,tuberculosis,tratamientos iniciados con esquema l,2009-02-01,1,1
TAPACARI,tuberculosis,tratamientos iniciados con esquema l,2009-02-01,1,1
TARIJA,tuberculosis,tratamientos iniciados con esquema l,2009-02-01,9,9
TEOPONTE,tuberculosis,tratamientos iniciados con esquema l,2009-02-01,2,2
TIPUANI,tuberculosis,tratamientos iniciados con esquema l,2009-02-01,4,4
TIQUIPAYA,tuberculosis,tratamientos iniciados con esquema l,2009-02-01,3,3
TIRAQUE (CBBA),tuberculosis,tratamientos iniciados con esquema l,2009-02-01,4,4
TOLEDO,tuberculosis,tratamientos iniciados con esquema l,2009-02-01,1,1
TOMINA,tuberculosis,tratamientos iniciados con esquema l,2009-02-01,1,1
TORO TORO,tuberculosis,tratamientos iniciados con esquema l,2009-02-01,1,1
TRINIDAD,tuberculosis,tratamientos iniciados con esquema l,2009-02-01,3,3
TUPIZA,tuberculosis,tratamientos iniciados con esquema l,2009-02-01,2,2
UNCIA,tuberculosis,tratamientos iniciados con esquema l,2009-02-01,3,3
URIONDO (A. CONCEPCION),tuberculosis,tratamientos iniciados con esquema l,2009-02-01,1,1
UYUNI,tuberculosis,tratamientos iniciados con esquema l,2009-02-01,3,3
VIACHA,tuberculosis,tratamientos iniciados con esquema l,2009-02-01,6,6
VILLA MONTES,tuberculosis,tratamientos iniciados con esquema l,2009-02-01,3,3
VILLA NUEVA (LOMA ALTA),tuberculosis,tratamientos iniciados con esquema l,2009-02-01,1,1
VILLA RIVERO,tuberculosis,tratamientos iniciados con esquema l,2009-02-01,1,1
VILLA TUNARI,tuberculosis,tratamientos iniciados con esquema l,2009-02-01,7,7
VINTO,tuberculosis,tratamientos iniciados con esquema l,2009-02-01,2,2
WARNES,tuberculosis,tratamientos iniciados con esquema l,2009-02-01,1,1
YACO,tuberculosis,tratamientos iniciados con esquema l,2009-02-01,1,1
YACUIBA,tuberculosis,tratamientos iniciados con esquema l,2009-02-01,3,3
YAMPARAEZ,tuberculosis,tratamientos iniciados con esquema l,2009-02-01,1,1
YAPACANI,tuberculosis,tratamientos iniciados con esquema l,2009-02-01,13,13
ACHACACHI,tuberculosis,tratamientos iniciados con esquema l,2009-03-01,2,2
AIQUILE,tuberculosis,tratamientos iniciados con esquema l,2009-03-01,1,1
APOLO,tuberculosis,tratamientos iniciados con esquema l,2009-03-01,1,1
ARQUE,tuberculosis,tratamientos iniciados con esquema l,2009-03-01,1,1
ASCENCION DE GUARAYOS,tuberculosis,tratamientos iniciados con esquema l,2009-03-01,2,2
AYOPAYA (V. DE INDEPENDENCIA),tuberculosis,tratamientos iniciados con esquema l,2009-03-01,3,3
BERMEJO,tuberculosis,tratamientos iniciados con esquema l,2009-03-01,1,1
CABEZAS,tuberculosis,tratamientos iniciados con esquema l,2009-03-01,3,3
CAJUATA,tuberculosis,tratamientos iniciados con esquema l,2009-03-01,1,1
CAMIRI,tuberculosis,tratamientos iniciados con esquema l,2009-03-01,7,7
CAPINOTA,tuberculosis,tratamientos iniciados con esquema l,2009-03-01,2,2
CARANAVI,tuberculosis,tratamientos iniciados con esquema l,2009-03-01,15,15
CARAPARI,tuberculosis,tratamientos iniciados con esquema l,2009-03-01,1,1
CARIPUYO,tuberculosis,tratamientos iniciados con esquema l,2009-03-01,2,2
CHALLAPATA,tuberculosis,tratamientos iniciados con esquema l,2009-03-01,1,1
CHAQUI,tuberculosis,tratamientos iniciados con esquema l,2009-03-01,1,1
CHARAGUA,tuberculosis,tratamientos iniciados con esquema l,2009-03-01,2,2
CHIMORE,tuberculosis,tratamientos iniciados con esquema l,2009-03-01,3,3
CHULUMANI (V. DE LA LIBERTAD),tuberculosis,tratamientos iniciados con esquema l,2009-03-01,6,6
CHUMA,tuberculosis,tratamientos iniciados con esquema l,2009-03-01,4,4
COBIJA,tuberculosis,tratamientos iniciados con esquema l,2009-03-01,6,6
COCHABAMBA,tuberculosis,tratamientos iniciados con esquema l,2009-03-01,32,32
COLCAPIRHUA,tuberculosis,tratamientos iniciados con esquema l,2009-03-01,3,3
CONCEPCION,tuberculosis,tratamientos iniciados con esquema l,2009-03-01,1,1
CORIPATA,tuberculosis,tratamientos iniciados con esquema l,2009-03-01,3,3
COROICO,tuberculosis,tratamientos iniciados con esquema l,2009-03-01,7,7
COTAGAITA,tuberculosis,tratamientos iniciados con esquema l,2009-03-01,1,1
COTOCA,tuberculosis,tratamientos iniciados con esquema l,2009-03-01,3,3
CUEVO,tuberculosis,tratamientos iniciados con esquema l,2009-03-01,1,1
CULPINA,tuberculosis,tratamientos iniciados con esquema l,2009-03-01,2,2
DESAGUADERO,tuberculosis,tratamientos iniciados con esquema l,2009-03-01,1,1
EL ALTO,tuberculosis,tratamientos iniciados con esquema l,2009-03-01,48,48
EL CHORO,tuberculosis,tratamientos iniciados con esquema l,2009-03-01,1,1
EL PUENTE(STC),tuberculosis,tratamientos iniciados con esquema l,2009-03-01,1,1
EL TORNO,tuberculosis,tratamientos iniciados con esquema l,2009-03-01,6,6
ENTRE RIOS,tuberculosis,tratamientos iniciados con esquema l,2009-03-01,12,12
GRAL. J.J. PEREZ (CHARAZANI),tuberculosis,tratamientos iniciados con esquema l,2009-03-01,1,1
GUANAY,tuberculosis,tratamientos iniciados con esquema l,2009-03-01,3,3
GUAYARAMERIN,tuberculosis,tratamientos iniciados con esquema l,2009-03-01,4,4
GUTIERREZ,tuberculosis,tratamientos iniciados con esquema l,2009-03-01,1,1
INQUISIVI,tuberculosis,tratamientos iniciados con esquema l,2009-03-01,1,1
IRUPANA (VILLA DE LANZA),tuberculosis,tratamientos iniciados con esquema l,2009-03-01,2,2
IXIAMAS,tuberculosis,tratamientos iniciados con esquema l,2009-03-01,2,2
LA ASUNTA,tuberculosis,tratamientos iniciados con esquema l,2009-03-01,5,5
LA GUARDIA,tuberculosis,tratamientos iniciados con esquema l,2009-03-01,4,4
LA PAZ,tuberculosis,tratamientos iniciados con esquema l,2009-03-01,94,94
LAJA,tuberculosis,tratamientos iniciados con esquema l,2009-03-01,1,1
LLALLAGUA,tuberculosis,tratamientos iniciados con esquema l,2009-03-01,2,2
MAPIRI,tuberculosis,tratamientos iniciados con esquema l,2009-03-01,2,2
MOCOMOCO,tuberculosis,tratamientos iniciados con esquema l,2009-03-01,1,1
MONTEAGUDO,tuberculosis,tratamientos iniciados con esquema l,2009-03-01,4,4
MONTERO,tuberculosis,tratamientos iniciados con esquema l,2009-03-01,18,18
ORURO,tuberculosis,tratamientos iniciados con esquema l,2009-03-01,10,10
PADCAYA,tuberculosis,tratamientos iniciados con esquema l,2009-03-01,2,2
PALOS BLANCOS,tuberculosis,tratamientos iniciados con esquema l,2009-03-01,5,5
PAMPA GRANDE,tuberculosis,tratamientos iniciados con esquema l,2009-03-01,1,1
PATACAMAYA,tuberculosis,tratamientos iniciados con esquema l,2009-03-01,1,1
PORTACHUELO,tuberculosis,tratamientos iniciados con esquema l,2009-03-01,1,1
POTOSI,tuberculosis,tratamientos iniciados con esquema l,2009-03-01,23,23
PUCARANI,tuberculosis,tratamientos iniciados con esquema l,2009-03-01,1,1
PUERTO SUAREZ,tuberculosis,tratamientos iniciados con esquema l,2009-03-01,3,3
PUERTO VILLARROEL,tuberculosis,tratamientos iniciados con esquema l,2009-03-01,7,7
PUNA,tuberculosis,tratamientos iniciados con esquema l,2009-03-01,2,2
PUNATA,tuberculosis,tratamientos iniciados con esquema l,2009-03-01,1,1
QUILLACOLLO,tuberculosis,tratamientos iniciados con esquema l,2009-03-01,6,6
RIBERALTA,tuberculosis,tratamientos iniciados con esquema l,2009-03-01,2,2
ROBORE,tuberculosis,tratamientos iniciados con esquema l,2009-03-01,3,3
RURRENABAQUE,tuberculosis,tratamientos iniciados con esquema l,2009-03-01,1,1
SACABA,tuberculosis,tratamientos iniciados con esquema l,2009-03-01,9,9
SACACA,tuberculosis,tratamientos iniciados con esquema l,2009-03-01,1,1
SAN BORJA,tuberculosis,tratamientos iniciados con esquema l,2009-03-01,3,3
SAN BUENA VENTURA,tuberculosis,tratamientos iniciados con esquema l,2009-03-01,1,1
SAN CARLOS,tuberculosis,tratamientos iniciados con esquema l,2009-03-01,2,2
SAN IGNACIO,tuberculosis,tratamientos iniciados con esquema l,2009-03-01,1,1
SAN IGNACIO DE VELASCO,tuberculosis,tratamientos iniciados con esquema l,2009-03-01,2,2
SAN JOSE DE CHIQUITOS,tuberculosis,tratamientos iniciados con esquema l,2009-03-01,1,1
SAN JUAN DE YAPACANI,tuberculosis,tratamientos iniciados con esquema l,2009-03-01,2,2
SAN JULIAN,tuberculosis,tratamientos iniciados con esquema l,2009-03-01,7,7
SAN LUCAS,tuberculosis,tratamientos iniciados con esquema l,2009-03-01,3,3
SAN PEDRO DE TIQUINA,tuberculosis,tratamientos iniciados con esquema l,2009-03-01,1,1
SAN RAMON,tuberculosis,tratamientos iniciados con esquema l,2009-03-01,2,2
SANTA ANA,tuberculosis,tratamientos iniciados con esquema l,2009-03-01,1,1
SANTA CRUZ DE LA SIERRA,tuberculosis,tratamientos iniciados con esquema l,2009-03-01,127,127
SANTA ROSA DEL SARA,tuberculosis,tratamientos iniciados con esquema l,2009-03-01,1,1
SANTIAGO DE CALLAPA,tuberculosis,tratamientos iniciados con esquema l,2009-03-01,3,3
SANTIVAÑES,tuberculosis,tratamientos iniciados con esquema l,2009-03-01,1,1
SIPE SIPE,tuberculosis,tratamientos iniciados con esquema l,2009-03-01,1,1
SOPACHUY,tuberculosis,tratamientos iniciados con esquema l,2009-03-01,1,1
SORATA,tuberculosis,tratamientos iniciados con esquema l,2009-03-01,5,5
SUCRE,tuberculosis,tratamientos iniciados con esquema l,2009-03-01,18,18
TACACOMA,tuberculosis,tratamientos iniciados con esquema l,2009-03-01,2,2
TACOPAYA,tuberculosis,tratamientos iniciados con esquema l,2009-03-01,1,1
TAPACARI,tuberculosis,tratamientos iniciados con esquema l,2009-03-01,1,1
TARABUCO,tuberculosis,tratamientos iniciados con esquema l,2009-03-01,4,4
TARIJA,tuberculosis,tratamientos iniciados con esquema l,2009-03-01,13,13
TEOPONTE,tuberculosis,tratamientos iniciados con esquema l,2009-03-01,3,3
TIPUANI,tuberculosis,tratamientos iniciados con esquema l,2009-03-01,4,4
TIQUIPAYA,tuberculosis,tratamientos iniciados con esquema l,2009-03-01,3,3
TIRAQUE (CBBA),tuberculosis,tratamientos iniciados con esquema l,2009-03-01,4,4
TITO YUPANQUI (PARQUIPUJIO),tuberculosis,tratamientos iniciados con esquema l,2009-03-01,1,1
TOMINA,tuberculosis,tratamientos iniciados con esquema l,2009-03-01,1,1
TORO TORO,tuberculosis,tratamientos iniciados con esquema l,2009-03-01,1,1
TOTORA(CBBA),tuberculosis,tratamientos iniciados con esquema l,2009-03-01,1,1
TRINIDAD,tuberculosis,tratamientos iniciados con esquema l,2009-03-01,7,7
UNCIA,tuberculosis,tratamientos iniciados con esquema l,2009-03-01,2,2
UYUNI,tuberculosis,tratamientos iniciados con esquema l,2009-03-01,1,1
VIACHA,tuberculosis,tratamientos iniciados con esquema l,2009-03-01,1,1
VILLA MONTES,tuberculosis,tratamientos iniciados con esquema l,2009-03-01,3,3
VILLA TUNARI,tuberculosis,tratamientos iniciados con esquema l,2009-03-01,10,10
VILLAZON,tuberculosis,tratamientos iniciados con esquema l,2009-03-01,2,2
VINTO,tuberculosis,tratamientos iniciados con esquema l,2009-03-01,5,5
WARNES,tuberculosis,tratamientos iniciados con esquema l,2009-03-01,9,9
YACUIBA,tuberculosis,tratamientos iniciados con esquema l,2009-03-01,15,15
YAMPARAEZ,tuberculosis,tratamientos iniciados con esquema l,2009-03-01,1,1
YANACACHI,tuberculosis,tratamientos iniciados con esquema l,2009-03-01,1,1
YAPACANI,tuberculosis,tratamientos iniciados con esquema l,2009-03-01,5,5
YOTALA,tuberculosis,tratamientos iniciados con esquema l,2009-03-01,1,1
ACHACACHI,tuberculosis,tratamientos iniciados con esquema l,2009-04-01,2,2
AIQUILE,tuberculosis,tratamientos iniciados con esquema l,2009-04-01,1,1
ARBIETO,tuberculosis,tratamientos iniciados con esquema l,2009-04-01,1,1
ARQUE,tuberculosis,tratamientos iniciados con esquema l,2009-04-01,2,2
ASCENCION DE GUARAYOS,tuberculosis,tratamientos iniciados con esquema l,2009-04-01,2,2
AYOPAYA (V. DE INDEPENDENCIA),tuberculosis,tratamientos iniciados con esquema l,2009-04-01,1,1
AZURDUY,tuberculosis,tratamientos iniciados con esquema l,2009-04-01,1,1
BAURES,tuberculosis,tratamientos iniciados con esquema l,2009-04-01,1,1
BERMEJO,tuberculosis,tratamientos iniciados con esquema l,2009-04-01,5,5
BETANZOS,tuberculosis,tratamientos iniciados con esquema l,2009-04-01,2,2
BOYUIBE,tuberculosis,tratamientos iniciados con esquema l,2009-04-01,1,1
CABEZAS,tuberculosis,tratamientos iniciados con esquema l,2009-04-01,1,1
CAMARGO,tuberculosis,tratamientos iniciados con esquema l,2009-04-01,1,1
CAMIRI,tuberculosis,tratamientos iniciados con esquema l,2009-04-01,3,3
CAQUIAVIRI,tuberculosis,tratamientos iniciados con esquema l,2009-04-01,2,2
CARANAVI,tuberculosis,tratamientos iniciados con esquema l,2009-04-01,19,19
CARAPARI,tuberculosis,tratamientos iniciados con esquema l,2009-04-01,1,1
CHARAGUA,tuberculosis,tratamientos iniciados con esquema l,2009-04-01,3,3
CHIMORE,tuberculosis,tratamientos iniciados con esquema l,2009-04-01,1,1
CHOQUE COTA,tuberculosis,tratamientos iniciados con esquema l,2009-04-01,1,1
CHULUMANI (V. DE LA LIBERTAD),tuberculosis,tratamientos iniciados con esquema l,2009-04-01,2,2
COBIJA,tuberculosis,tratamientos iniciados con esquema l,2009-04-01,7,7
COCHABAMBA,tuberculosis,tratamientos iniciados con esquema l,2009-04-01,33,33
COLCAPIRHUA,tuberculosis,tratamientos iniciados con esquema l,2009-04-01,1,1
COLOMI,tuberculosis,tratamientos iniciados con esquema l,2009-04-01,1,1
COMBAYA,tuberculosis,tratamientos iniciados con esquema l,2009-04-01,1,1
CONCEPCION,tuberculosis,tratamientos iniciados con esquema l,2009-04-01,1,1
COPACABANA,tuberculosis,tratamientos iniciados con esquema l,2009-04-01,1,1
CORO CORO,tuberculosis,tratamientos iniciados con esquema l,2009-04-01,1,1
COROICO,tuberculosis,tratamientos iniciados con esquema l,2009-04-01,4,4
COTAGAITA,tuberculosis,tratamientos iniciados con esquema l,2009-04-01,1,1
COTOCA,tuberculosis,tratamientos iniciados con esquema l,2009-04-01,2,2
CUATRO CAÑADAS,tuberculosis,tratamientos iniciados con esquema l,2009-04-01,4,4
CULPINA,tuberculosis,tratamientos iniciados con esquema l,2009-04-01,1,1
EL ALTO,tuberculosis,tratamientos iniciados con esquema l,2009-04-01,48,48
EL TORNO,tuberculosis,tratamientos iniciados con esquema l,2009-04-01,4,4
ENTRE RIOS,tuberculosis,tratamientos iniciados con esquema l,2009-04-01,1,1
ENTRE RIOS,tuberculosis,tratamientos iniciados con esquema l,2009-04-01,6,6
FERNANDEZ ALONSO,tuberculosis,tratamientos iniciados con esquema l,2009-04-01,1,1
GRAL. J.J. PEREZ (CHARAZANI),tuberculosis,tratamientos iniciados con esquema l,2009-04-01,1,1
GUANAY,tuberculosis,tratamientos iniciados con esquema l,2009-04-01,1,1
GUAYARAMERIN,tuberculosis,tratamientos iniciados con esquema l,2009-04-01,4,4
GUTIERREZ,tuberculosis,tratamientos iniciados con esquema l,2009-04-01,1,1
HUANUNI,tuberculosis,tratamientos iniciados con esquema l,2009-04-01,2,2
INCAHUASI,tuberculosis,tratamientos iniciados con esquema l,2009-04-01,3,3
IRUPANA (VILLA DE LANZA),tuberculosis,tratamientos iniciados con esquema l,2009-04-01,1,1
LA ASUNTA,tuberculosis,tratamientos iniciados con esquema l,2009-04-01,6,6
LA GUARDIA,tuberculosis,tratamientos iniciados con esquema l,2009-04-01,14,14
LA PAZ,tuberculosis,tratamientos iniciados con esquema l,2009-04-01,78,78
LICOMA PAMPA,tuberculosis,tratamientos iniciados con esquema l,2009-04-01,1,1
MAPIRI,tuberculosis,tratamientos iniciados con esquema l,2009-04-01,1,1
MIZQUE,tuberculosis,tratamientos iniciados con esquema l,2009-04-01,2,2
MOJOCOYA,tuberculosis,tratamientos iniciados con esquema l,2009-04-01,1,1
MONTEAGUDO,tuberculosis,tratamientos iniciados con esquema l,2009-04-01,3,3
MONTERO,tuberculosis,tratamientos iniciados con esquema l,2009-04-01,12,12
OCURI,tuberculosis,tratamientos iniciados con esquema l,2009-04-01,2,2
ORURO,tuberculosis,tratamientos iniciados con esquema l,2009-04-01,14,14
PADCAYA,tuberculosis,tratamientos iniciados con esquema l,2009-04-01,2,2
PAILON,tuberculosis,tratamientos iniciados con esquema l,2009-04-01,3,3
PALOS BLANCOS,tuberculosis,tratamientos iniciados con esquema l,2009-04-01,4,4
PAMPA GRANDE,tuberculosis,tratamientos iniciados con esquema l,2009-04-01,1,1
PATACAMAYA,tuberculosis,tratamientos iniciados con esquema l,2009-04-01,2,2
POJO (CBBA),tuberculosis,tratamientos iniciados con esquema l,2009-04-01,1,1
PORCO,tuberculosis,tratamientos iniciados con esquema l,2009-04-01,1,1
PORONGO,tuberculosis,tratamientos iniciados con esquema l,2009-04-01,1,1
PORTACHUELO,tuberculosis,tratamientos iniciados con esquema l,2009-04-01,1,1
PORVENIR,tuberculosis,tratamientos iniciados con esquema l,2009-04-01,2,2
POTOSI,tuberculosis,tratamientos iniciados con esquema l,2009-04-01,62,62
PUERTO QUIJARRO,tuberculosis,tratamientos iniciados con esquema l,2009-04-01,1,1
PUERTO VILLARROEL,tuberculosis,tratamientos iniciados con esquema l,2009-04-01,15,15
PUNATA,tuberculosis,tratamientos iniciados con esquema l,2009-04-01,2,2
QUIABAYA,tuberculosis,tratamientos iniciados con esquema l,2009-04-01,1,1
QUILLACOLLO,tuberculosis,tratamientos iniciados con esquema l,2009-04-01,3,3
QUIME,tuberculosis,tratamientos iniciados con esquema l,2009-04-01,1,1
RAVELO,tuberculosis,tratamientos iniciados con esquema l,2009-04-01,1,1
RIBERALTA,tuberculosis,tratamientos iniciados con esquema l,2009-04-01,13,13
ROBORE,tuberculosis,tratamientos iniciados con esquema l,2009-04-01,1,1
RURRENABAQUE,tuberculosis,tratamientos iniciados con esquema l,2009-04-01,3,3
SACABA,tuberculosis,tratamientos iniciados con esquema l,2009-04-01,8,8
SAN BORJA,tuberculosis,tratamientos iniciados con esquema l,2009-04-01,2,2
SAN BUENA VENTURA,tuberculosis,tratamientos iniciados con esquema l,2009-04-01,2,2
SAN IGNACIO,tuberculosis,tratamientos iniciados con esquema l,2009-04-01,1,1
SAN IGNACIO DE VELASCO,tuberculosis,tratamientos iniciados con esquema l,2009-04-01,1,1
SAN JOSE DE CHIQUITOS,tuberculosis,tratamientos iniciados con esquema l,2009-04-01,1,1
SAN JUAN DE YAPACANI,tuberculosis,tratamientos iniciados con esquema l,2009-04-01,3,3
SAN JULIAN,tuberculosis,tratamientos iniciados con esquema l,2009-04-01,3,3
SAN MIGUEL DE VELASCO,tuberculosis,tratamientos iniciados con esquema l,2009-04-01,1,1
SAN PEDRO,tuberculosis,tratamientos iniciados con esquema l,2009-04-01,2,2
SANTA CRUZ DE LA SIERRA,tuberculosis,tratamientos iniciados con esquema l,2009-04-01,175,175
SANTA ROSA DEL SARA,tuberculosis,tratamientos iniciados con esquema l,2009-04-01,1,1
SANTIAGO DE HUARI,tuberculosis,tratamientos iniciados con esquema l,2009-04-01,1,1
SICAYA,tuberculosis,tratamientos iniciados con esquema l,2009-04-01,1,1
SIPE SIPE,tuberculosis,tratamientos iniciados con esquema l,2009-04-01,2,2
SOPACHUY,tuberculosis,tratamientos iniciados con esquema l,2009-04-01,2,2
SORATA,tuberculosis,tratamientos iniciados con esquema l,2009-04-01,2,2
SUCRE,tuberculosis,tratamientos iniciados con esquema l,2009-04-01,17,17
TACACOMA,tuberculosis,tratamientos iniciados con esquema l,2009-04-01,1,1
TARABUCO,tuberculosis,tratamientos iniciados con esquema l,2009-04-01,3,3
TARIJA,tuberculosis,tratamientos iniciados con esquema l,2009-04-01,10,10
TEOPONTE,tuberculosis,tratamientos iniciados con esquema l,2009-04-01,1,1
TIPUANI,tuberculosis,tratamientos iniciados con esquema l,2009-04-01,4,4
TIQUIPAYA,tuberculosis,tratamientos iniciados con esquema l,2009-04-01,3,3
TIRAQUE (CBBA),tuberculosis,tratamientos iniciados con esquema l,2009-04-01,4,4
TOMAVE,tuberculosis,tratamientos iniciados con esquema l,2009-04-01,1,1
TOTORA(CBBA),tuberculosis,tratamientos iniciados con esquema l,2009-04-01,1,1
TRINIDAD,tuberculosis,tratamientos iniciados con esquema l,2009-04-01,7,7
TUPIZA,tuberculosis,tratamientos iniciados con esquema l,2009-04-01,4,4
UNCIA,tuberculosis,tratamientos iniciados con esquema l,2009-04-01,2,2
VIACHA,tuberculosis,tratamientos iniciados con esquema l,2009-04-01,2,2
VILLA MONTES,tuberculosis,tratamientos iniciados con esquema l,2009-04-01,8,8
VILLA TUNARI,tuberculosis,tratamientos iniciados con esquema l,2009-04-01,6,6
VILLAZON,tuberculosis,tratamientos iniciados con esquema l,2009-04-01,2,2
VINTO,tuberculosis,tratamientos iniciados con esquema l,2009-04-01,8,8
WARNES,tuberculosis,tratamientos iniciados con esquema l,2009-04-01,8,8
YACUIBA,tuberculosis,tratamientos iniciados con esquema l,2009-04-01,21,21
YANACACHI,tuberculosis,tratamientos iniciados con esquema l,2009-04-01,1,1
YAPACANI,tuberculosis,tratamientos iniciados con esquema l,2009-04-01,3,3
YOCALLA,tuberculosis,tratamientos iniciados con esquema l,2009-04-01,1,1
YOTALA,tuberculosis,tratamientos iniciados con esquema l,2009-04-01,1,1
ACHACACHI,tuberculosis,tratamientos iniciados con esquema l,2009-05-01,1,1
AIQUILE,tuberculosis,tratamientos iniciados con esquema l,2009-05-01,4,4
ARANI,tuberculosis,tratamientos iniciados con esquema l,2009-05-01,1,1
ARBIETO,tuberculosis,tratamientos iniciados con esquema l,2009-05-01,2,2
ASCENCION DE GUARAYOS,tuberculosis,tratamientos iniciados con esquema l,2009-05-01,3,3
AYATA,tuberculosis,tratamientos iniciados con esquema l,2009-05-01,2,2
AYOPAYA (V. DE INDEPENDENCIA),tuberculosis,tratamientos iniciados con esquema l,2009-05-01,2,2
BATALLAS,tuberculosis,tratamientos iniciados con esquema l,2009-05-01,1,1
BAURES,tuberculosis,tratamientos iniciados con esquema l,2009-05-01,1,1
BERMEJO,tuberculosis,tratamientos iniciados con esquema l,2009-05-01,1,1
BUENA VISTA,tuberculosis,tratamientos iniciados con esquema l,2009-05-01,1,1
CABEZAS,tuberculosis,tratamientos iniciados con esquema l,2009-05-01,1,1
CAJUATA,tuberculosis,tratamientos iniciados con esquema l,2009-05-01,1,1
CAMARGO,tuberculosis,tratamientos iniciados con esquema l,2009-05-01,3,3
CAMIRI,tuberculosis,tratamientos iniciados con esquema l,2009-05-01,3,3
CARACOLLO,tuberculosis,tratamientos iniciados con esquema l,2009-05-01,1,1
CARANAVI,tuberculosis,tratamientos iniciados con esquema l,2009-05-01,11,11
CARAPARI,tuberculosis,tratamientos iniciados con esquema l,2009-05-01,2,2
CHAQUI,tuberculosis,tratamientos iniciados con esquema l,2009-05-01,1,1
CHARAGUA,tuberculosis,tratamientos iniciados con esquema l,2009-05-01,2,2
CHAYANTA,tuberculosis,tratamientos iniciados con esquema l,2009-05-01,1,1
CHIMORE,tuberculosis,tratamientos iniciados con esquema l,2009-05-01,1,1
CHULUMANI (V. DE LA LIBERTAD),tuberculosis,tratamientos iniciados con esquema l,2009-05-01,2,2
CHUMA,tuberculosis,tratamientos iniciados con esquema l,2009-05-01,1,1
COBIJA,tuberculosis,tratamientos iniciados con esquema l,2009-05-01,3,3
COCHABAMBA,tuberculosis,tratamientos iniciados con esquema l,2009-05-01,23,23
COLCAPIRHUA,tuberculosis,tratamientos iniciados con esquema l,2009-05-01,6,6
COLQUECHACA,tuberculosis,tratamientos iniciados con esquema l,2009-05-01,3,3
COMARAPA,tuberculosis,tratamientos iniciados con esquema l,2009-05-01,2,2
CORIPATA,tuberculosis,tratamientos iniciados con esquema l,2009-05-01,3,3
COTOCA,tuberculosis,tratamientos iniciados con esquema l,2009-05-01,5,5
CUATRO CAÑADAS,tuberculosis,tratamientos iniciados con esquema l,2009-05-01,3,3
EL ALTO,tuberculosis,tratamientos iniciados con esquema l,2009-05-01,50,50
EL PUENTE(STC),tuberculosis,tratamientos iniciados con esquema l,2009-05-01,1,1
EL TORNO,tuberculosis,tratamientos iniciados con esquema l,2009-05-01,6,6
ENTRE RIOS,tuberculosis,tratamientos iniciados con esquema l,2009-05-01,5,5
FERNANDEZ ALONSO,tuberculosis,tratamientos iniciados con esquema l,2009-05-01,3,3
GRAL. J.J. PEREZ (CHARAZANI),tuberculosis,tratamientos iniciados con esquema l,2009-05-01,1,1
GUANAY,tuberculosis,tratamientos iniciados con esquema l,2009-05-01,2,2
GUAQUI,tuberculosis,tratamientos iniciados con esquema l,2009-05-01,1,1
GUAYARAMERIN,tuberculosis,tratamientos iniciados con esquema l,2009-05-01,1,1
GUTIERREZ,tuberculosis,tratamientos iniciados con esquema l,2009-05-01,1,1
ICHOCA,tuberculosis,tratamientos iniciados con esquema l,2009-05-01,1,1
INCAHUASI,tuberculosis,tratamientos iniciados con esquema l,2009-05-01,1,1
IRUPANA (VILLA DE LANZA),tuberculosis,tratamientos iniciados con esquema l,2009-05-01,1,1
LA ASUNTA,tuberculosis,tratamientos iniciados con esquema l,2009-05-01,6,6
LA GUARDIA,tuberculosis,tratamientos iniciados con esquema l,2009-05-01,2,2
LA PAZ,tuberculosis,tratamientos iniciados con esquema l,2009-05-01,88,88
LLALLAGUA,tuberculosis,tratamientos iniciados con esquema l,2009-05-01,1,1
MAGDALENA,tuberculosis,tratamientos iniciados con esquema l,2009-05-01,1,1
MAIRANA,tuberculosis,tratamientos iniciados con esquema l,2009-05-01,1,1
MAPIRI,tuberculosis,tratamientos iniciados con esquema l,2009-05-01,4,4
MIZQUE,tuberculosis,tratamientos iniciados con esquema l,2009-05-01,2,2
MONTEAGUDO,tuberculosis,tratamientos iniciados con esquema l,2009-05-01,1,1
MONTERO,tuberculosis,tratamientos iniciados con esquema l,2009-05-01,7,7
ORURO,tuberculosis,tratamientos iniciados con esquema l,2009-05-01,10,10
PAILON,tuberculosis,tratamientos iniciados con esquema l,2009-05-01,1,1
PALOS BLANCOS,tuberculosis,tratamientos iniciados con esquema l,2009-05-01,5,5
POTOSI,tuberculosis,tratamientos iniciados con esquema l,2009-05-01,14,14
PUCARANI,tuberculosis,tratamientos iniciados con esquema l,2009-05-01,2,2
PUERTO PEREZ,tuberculosis,tratamientos iniciados con esquema l,2009-05-01,1,1
PUERTO QUIJARRO,tuberculosis,tratamientos iniciados con esquema l,2009-05-01,1,1
PUERTO SUAREZ,tuberculosis,tratamientos iniciados con esquema l,2009-05-01,1,1
PUERTO VILLARROEL,tuberculosis,tratamientos iniciados con esquema l,2009-05-01,7,7
PUNATA,tuberculosis,tratamientos iniciados con esquema l,2009-05-01,2,2
QUILLACOLLO,tuberculosis,tratamientos iniciados con esquema l,2009-05-01,11,11
QUIME,tuberculosis,tratamientos iniciados con esquema l,2009-05-01,1,1
RIBERALTA,tuberculosis,tratamientos iniciados con esquema l,2009-05-01,6,6
SACABA,tuberculosis,tratamientos iniciados con esquema l,2009-05-01,5,5
SAIPINA,tuberculosis,tratamientos iniciados con esquema l,2009-05-01,1,1
SAN BORJA,tuberculosis,tratamientos iniciados con esquema l,2009-05-01,3,3
SAN BUENA VENTURA,tuberculosis,tratamientos iniciados con esquema l,2009-05-01,2,2
SAN IGNACIO,tuberculosis,tratamientos iniciados con esquema l,2009-05-01,1,1
SAN IGNACIO DE VELASCO,tuberculosis,tratamientos iniciados con esquema l,2009-05-01,2,2
SAN JOSE DE CHIQUITOS,tuberculosis,tratamientos iniciados con esquema l,2009-05-01,1,1
SAN JULIAN,tuberculosis,tratamientos iniciados con esquema l,2009-05-01,3,3
SAN LORENZO(TJA),tuberculosis,tratamientos iniciados con esquema l,2009-05-01,1,1
SAN LUCAS,tuberculosis,tratamientos iniciados con esquema l,2009-05-01,4,4
SANTA CRUZ DE LA SIERRA,tuberculosis,tratamientos iniciados con esquema l,2009-05-01,108,108
SANTA ROSA DEL SARA,tuberculosis,tratamientos iniciados con esquema l,2009-05-01,1,1
SAPAHAQUI,tuberculosis,tratamientos iniciados con esquema l,2009-05-01,1,1
SOPACHUY,tuberculosis,tratamientos iniciados con esquema l,2009-05-01,1,1
SUCRE,tuberculosis,tratamientos iniciados con esquema l,2009-05-01,16,16
TACACOMA,tuberculosis,tratamientos iniciados con esquema l,2009-05-01,2,2
TACOPAYA,tuberculosis,tratamientos iniciados con esquema l,2009-05-01,2,2
TAPACARI,tuberculosis,tratamientos iniciados con esquema l,2009-05-01,1,1
TARABUCO,tuberculosis,tratamientos iniciados con esquema l,2009-05-01,1,1
TARACO,tuberculosis,tratamientos iniciados con esquema l,2009-05-01,1,1
TARIJA,tuberculosis,tratamientos iniciados con esquema l,2009-05-01,7,7
TEOPONTE,tuberculosis,tratamientos iniciados con esquema l,2009-05-01,1,1
TIPUANI,tuberculosis,tratamientos iniciados con esquema l,2009-05-01,1,1
TIQUIPAYA,tuberculosis,tratamientos iniciados con esquema l,2009-05-01,2,2
TIRAQUE (CBBA),tuberculosis,tratamientos iniciados con esquema l,2009-05-01,1,1
TOMINA,tuberculosis,tratamientos iniciados con esquema l,2009-05-01,1,1
TRINIDAD,tuberculosis,tratamientos iniciados con esquema l,2009-05-01,5,5
TUPIZA,tuberculosis,tratamientos iniciados con esquema l,2009-05-01,1,1
VIACHA,tuberculosis,tratamientos iniciados con esquema l,2009-05-01,5,5
VILLA MONTES,tuberculosis,tratamientos iniciados con esquema l,2009-05-01,5,5
VILLA SERRANO,tuberculosis,tratamientos iniciados con esquema l,2009-05-01,1,1
VILLA TUNARI,tuberculosis,tratamientos iniciados con esquema l,2009-05-01,10,10
VINTO,tuberculosis,tratamientos iniciados con esquema l,2009-05-01,1,1
WARNES,tuberculosis,tratamientos iniciados con esquema l,2009-05-01,4,4
YACUIBA,tuberculosis,tratamientos iniciados con esquema l,2009-05-01,2,2
YANACACHI,tuberculosis,tratamientos iniciados con esquema l,2009-05-01,2,2
YAPACANI,tuberculosis,tratamientos iniciados con esquema l,2009-05-01,8,8
ACACIO,tuberculosis,tratamientos iniciados con esquema l,2009-06-01,2,2
AIQUILE,tuberculosis,tratamientos iniciados con esquema l,2009-06-01,2,2
ARQUE,tuberculosis,tratamientos iniciados con esquema l,2009-06-01,1,1
AYATA,tuberculosis,tratamientos iniciados con esquema l,2009-06-01,3,3
BERMEJO,tuberculosis,tratamientos iniciados con esquema l,2009-06-01,1,1
BETANZOS,tuberculosis,tratamientos iniciados con esquema l,2009-06-01,1,1
CAJUATA,tuberculosis,tratamientos iniciados con esquema l,2009-06-01,1,1
CAMARGO,tuberculosis,tratamientos iniciados con esquema l,2009-06-01,1,1
CAMIRI,tuberculosis,tratamientos iniciados con esquema l,2009-06-01,1,1
CAQUIAVIRI,tuberculosis,tratamientos iniciados con esquema l,2009-06-01,1,1
CARANAVI,tuberculosis,tratamientos iniciados con esquema l,2009-06-01,21,21
CARMEN RIVERO TORREZ,tuberculosis,tratamientos iniciados con esquema l,2009-06-01,1,1
CHIMORE,tuberculosis,tratamientos iniciados con esquema l,2009-06-01,2,2
CHULUMANI (V. DE LA LIBERTAD),tuberculosis,tratamientos iniciados con esquema l,2009-06-01,4,4
COBIJA,tuberculosis,tratamientos iniciados con esquema l,2009-06-01,9,9
COCHABAMBA,tuberculosis,tratamientos iniciados con esquema l,2009-06-01,21,21
COLCAPIRHUA,tuberculosis,tratamientos iniciados con esquema l,2009-06-01,2,2
COLOMI,tuberculosis,tratamientos iniciados con esquema l,2009-06-01,1,1
CORIPATA,tuberculosis,tratamientos iniciados con esquema l,2009-06-01,3,3
COROICO,tuberculosis,tratamientos iniciados con esquema l,2009-06-01,3,3
COTAGAITA,tuberculosis,tratamientos iniciados con esquema l,2009-06-01,1,1
COTOCA,tuberculosis,tratamientos iniciados con esquema l,2009-06-01,3,3
CUATRO CAÑADAS,tuberculosis,tratamientos iniciados con esquema l,2009-06-01,3,3
CULPINA,tuberculosis,tratamientos iniciados con esquema l,2009-06-01,1,1
EL ALTO,tuberculosis,tratamientos iniciados con esquema l,2009-06-01,52,52
EL PUENTE(TJA),tuberculosis,tratamientos iniciados con esquema l,2009-06-01,2,2
EL TORNO,tuberculosis,tratamientos iniciados con esquema l,2009-06-01,6,6
ENTRE RIOS,tuberculosis,tratamientos iniciados con esquema l,2009-06-01,6,6
FERNANDEZ ALONSO,tuberculosis,tratamientos iniciados con esquema l,2009-06-01,3,3
GENERAL SAAVEDRA,tuberculosis,tratamientos iniciados con esquema l,2009-06-01,1,1
GRAL. J.J. PEREZ (CHARAZANI),tuberculosis,tratamientos iniciados con esquema l,2009-06-01,1,1
GUANAY,tuberculosis,tratamientos iniciados con esquema l,2009-06-01,2,2
GUAYARAMERIN,tuberculosis,tratamientos iniciados con esquema l,2009-06-01,2,2
HUANUNI,tuberculosis,tratamientos iniciados con esquema l,2009-06-01,1,1
INQUISIVI,tuberculosis,tratamientos iniciados con esquema l,2009-06-01,2,2
IRUPANA (VILLA DE LANZA),tuberculosis,tratamientos iniciados con esquema l,2009-06-01,1,1
JESUS DE MACHACA,tuberculosis,tratamientos iniciados con esquema l,2009-06-01,1,1
LA ASUNTA,tuberculosis,tratamientos iniciados con esquema l,2009-06-01,7,7
LA GUARDIA,tuberculosis,tratamientos iniciados con esquema l,2009-06-01,9,9
LA PAZ,tuberculosis,tratamientos iniciados con esquema l,2009-06-01,90,90
LLALLAGUA,tuberculosis,tratamientos iniciados con esquema l,2009-06-01,5,5
MAGDALENA,tuberculosis,tratamientos iniciados con esquema l,2009-06-01,2,2
MAIRANA,tuberculosis,tratamientos iniciados con esquema l,2009-06-01,1,1
MINEROS,tuberculosis,tratamientos iniciados con esquema l,2009-06-01,3,3
MONTEAGUDO,tuberculosis,tratamientos iniciados con esquema l,2009-06-01,1,1
MONTERO,tuberculosis,tratamientos iniciados con esquema l,2009-06-01,7,7
ORURO,tuberculosis,tratamientos iniciados con esquema l,2009-06-01,13,13
PADCAYA,tuberculosis,tratamientos iniciados con esquema l,2009-06-01,1,1
PAILON,tuberculosis,tratamientos iniciados con esquema l,2009-06-01,3,3
PALOS BLANCOS,tuberculosis,tratamientos iniciados con esquema l,2009-06-01,1,1
PAMPA GRANDE,tuberculosis,tratamientos iniciados con esquema l,2009-06-01,1,1
PATACAMAYA,tuberculosis,tratamientos iniciados con esquema l,2009-06-01,3,3
PORTACHUELO,tuberculosis,tratamientos iniciados con esquema l,2009-06-01,1,1
POTOSI,tuberculosis,tratamientos iniciados con esquema l,2009-06-01,15,15
PRESTO,tuberculosis,tratamientos iniciados con esquema l,2009-06-01,1,1
PUCARANI,tuberculosis,tratamientos iniciados con esquema l,2009-06-01,1,1
PUERTO CARABUCO,tuberculosis,tratamientos iniciados con esquema l,2009-06-01,1,1
PUERTO PEREZ,tuberculosis,tratamientos iniciados con esquema l,2009-06-01,1,1
PUERTO QUIJARRO,tuberculosis,tratamientos iniciados con esquema l,2009-06-01,2,2
PUERTO VILLARROEL,tuberculosis,tratamientos iniciados con esquema l,2009-06-01,12,12
PUNATA,tuberculosis,tratamientos iniciados con esquema l,2009-06-01,4,4
QUIABAYA,tuberculosis,tratamientos iniciados con esquema l,2009-06-01,1,1
QUILLACOLLO,tuberculosis,tratamientos iniciados con esquema l,2009-06-01,5,5
RAVELO,tuberculosis,tratamientos iniciados con esquema l,2009-06-01,1,1
RIBERALTA,tuberculosis,tratamientos iniciados con esquema l,2009-06-01,5,5
SACABA,tuberculosis,tratamientos iniciados con esquema l,2009-06-01,5,5
SAMAIPATA,tuberculosis,tratamientos iniciados con esquema l,2009-06-01,1,1
SAN BORJA,tuberculosis,tratamientos iniciados con esquema l,2009-06-01,2,2
SAN IGNACIO,tuberculosis,tratamientos iniciados con esquema l,2009-06-01,1,1
SAN IGNACIO DE VELASCO,tuberculosis,tratamientos iniciados con esquema l,2009-06-01,6,6
SAN JOSE DE CHIQUITOS,tuberculosis,tratamientos iniciados con esquema l,2009-06-01,1,1
SAN JULIAN,tuberculosis,tratamientos iniciados con esquema l,2009-06-01,5,5
SAN LORENZO(PND),tuberculosis,tratamientos iniciados con esquema l,2009-06-01,1,1
SAN LUCAS,tuberculosis,tratamientos iniciados con esquema l,2009-06-01,1,1
SAN MATIAS,tuberculosis,tratamientos iniciados con esquema l,2009-06-01,1,1
SAN MIGUEL DE VELASCO,tuberculosis,tratamientos iniciados con esquema l,2009-06-01,2,2
SAN PEDRO,tuberculosis,tratamientos iniciados con esquema l,2009-06-01,1,1
SAN PEDRO(PND),tuberculosis,tratamientos iniciados con esquema l,2009-06-01,1,1
SANTA CRUZ DE LA SIERRA,tuberculosis,tratamientos iniciados con esquema l,2009-06-01,138,138
SANTA ROSA DEL SARA,tuberculosis,tratamientos iniciados con esquema l,2009-06-01,2,2
SANTUARIO DE QUILLACAS,tuberculosis,tratamientos iniciados con esquema l,2009-06-01,1,1
SORACACHI,tuberculosis,tratamientos iniciados con esquema l,2009-06-01,1,1
SORATA,tuberculosis,tratamientos iniciados con esquema l,2009-06-01,1,1
SUCRE,tuberculosis,tratamientos iniciados con esquema l,2009-06-01,15,15
TACOBAMBA,tuberculosis,tratamientos iniciados con esquema l,2009-06-01,1,1
TAPACARI,tuberculosis,tratamientos iniciados con esquema l,2009-06-01,1,1
TARABUCO,tuberculosis,tratamientos iniciados con esquema l,2009-06-01,2,2
TARIJA,tuberculosis,tratamientos iniciados con esquema l,2009-06-01,13,13
TIPUANI,tuberculosis,tratamientos iniciados con esquema l,2009-06-01,3,3
TIQUIPAYA,tuberculosis,tratamientos iniciados con esquema l,2009-06-01,3,3
TIRAQUE (CBBA),tuberculosis,tratamientos iniciados con esquema l,2009-06-01,4,4
TOLATA,tuberculosis,tratamientos iniciados con esquema l,2009-06-01,1,1
TOMAVE,tuberculosis,tratamientos iniciados con esquema l,2009-06-01,1,1
TRINIDAD,tuberculosis,tratamientos iniciados con esquema l,2009-06-01,14,14
TUPIZA,tuberculosis,tratamientos iniciados con esquema l,2009-06-01,1,1
URIONDO (A. CONCEPCION),tuberculosis,tratamientos iniciados con esquema l,2009-06-01,1,1
UYUNI,tuberculosis,tratamientos iniciados con esquema l,2009-06-01,1,1
VIACHA,tuberculosis,tratamientos iniciados con esquema l,2009-06-01,1,1
VILLA RIVERO,tuberculosis,tratamientos iniciados con esquema l,2009-06-01,2,2
VILLA SERRANO,tuberculosis,tratamientos iniciados con esquema l,2009-06-01,1,1
VILLA TUNARI,tuberculosis,tratamientos iniciados con esquema l,2009-06-01,16,16
VINTO,tuberculosis,tratamientos iniciados con esquema l,2009-06-01,3,3
WARNES,tuberculosis,tratamientos iniciados con esquema l,2009-06-01,6,6
YACUIBA,tuberculosis,tratamientos iniciados con esquema l,2009-06-01,15,15
YAPACANI,tuberculosis,tratamientos iniciados con esquema l,2009-06-01,3,3
ACHACACHI,tuberculosis,tratamientos iniciados con esquema l,2009-07-01,5,5
AIQUILE,tuberculosis,tratamientos iniciados con esquema l,2009-07-01,1,1
ANCORAIMES,tuberculosis,tratamientos iniciados con esquema l,2009-07-01,1,1
APOLO,tuberculosis,tratamientos iniciados con esquema l,2009-07-01,1,1
ASCENCION DE GUARAYOS,tuberculosis,tratamientos iniciados con esquema l,2009-07-01,3,3
AYOPAYA (V. DE INDEPENDENCIA),tuberculosis,tratamientos iniciados con esquema l,2009-07-01,1,1
BERMEJO,tuberculosis,tratamientos iniciados con esquema l,2009-07-01,6,6
BETANZOS,tuberculosis,tratamientos iniciados con esquema l,2009-07-01,1,1
CABEZAS,tuberculosis,tratamientos iniciados con esquema l,2009-07-01,1,1
CAMARGO,tuberculosis,tratamientos iniciados con esquema l,2009-07-01,1,1
CAMIRI,tuberculosis,tratamientos iniciados con esquema l,2009-07-01,2,2
CAPINOTA,tuberculosis,tratamientos iniciados con esquema l,2009-07-01,1,1
CARANAVI,tuberculosis,tratamientos iniciados con esquema l,2009-07-01,23,23
CARAPARI,tuberculosis,tratamientos iniciados con esquema l,2009-07-01,2,2
CHIMORE,tuberculosis,tratamientos iniciados con esquema l,2009-07-01,5,5
CHULUMANI (V. DE LA LIBERTAD),tuberculosis,tratamientos iniciados con esquema l,2009-07-01,2,2
CLIZA,tuberculosis,tratamientos iniciados con esquema l,2009-07-01,1,1
COBIJA,tuberculosis,tratamientos iniciados con esquema l,2009-07-01,5,5
COCHABAMBA,tuberculosis,tratamientos iniciados con esquema l,2009-07-01,22,22
COLCAPIRHUA,tuberculosis,tratamientos iniciados con esquema l,2009-07-01,2,2
COLQUENCHA,tuberculosis,tratamientos iniciados con esquema l,2009-07-01,1,1
COLQUIRI,tuberculosis,tratamientos iniciados con esquema l,2009-07-01,1,1
COMARAPA,tuberculosis,tratamientos iniciados con esquema l,2009-07-01,1,1
COPACABANA,tuberculosis,tratamientos iniciados con esquema l,2009-07-01,1,1
CORIPATA,tuberculosis,tratamientos iniciados con esquema l,2009-07-01,3,3
COROICO,tuberculosis,tratamientos iniciados con esquema l,2009-07-01,1,1
COTOCA,tuberculosis,tratamientos iniciados con esquema l,2009-07-01,1,1
CUATRO CAÑADAS,tuberculosis,tratamientos iniciados con esquema l,2009-07-01,4,4
CULPINA,tuberculosis,tratamientos iniciados con esquema l,2009-07-01,2,2
EL ALTO,tuberculosis,tratamientos iniciados con esquema l,2009-07-01,50,50
EL TORNO,tuberculosis,tratamientos iniciados con esquema l,2009-07-01,2,2
ENTRE RIOS,tuberculosis,tratamientos iniciados con esquema l,2009-07-01,3,3
GENERAL SAAVEDRA,tuberculosis,tratamientos iniciados con esquema l,2009-07-01,3,3
GRAL. J.J. PEREZ (CHARAZANI),tuberculosis,tratamientos iniciados con esquema l,2009-07-01,1,1
GUANAY,tuberculosis,tratamientos iniciados con esquema l,2009-07-01,1,1
GUAYARAMERIN,tuberculosis,tratamientos iniciados con esquema l,2009-07-01,7,7
GUTIERREZ,tuberculosis,tratamientos iniciados con esquema l,2009-07-01,3,3
INCAHUASI,tuberculosis,tratamientos iniciados con esquema l,2009-07-01,1,1
INQUISIVI,tuberculosis,tratamientos iniciados con esquema l,2009-07-01,1,1
IRUPANA (VILLA DE LANZA),tuberculosis,tratamientos iniciados con esquema l,2009-07-01,2,2
JESUS DE MACHACA,tuberculosis,tratamientos iniciados con esquema l,2009-07-01,1,1
LA ASUNTA,tuberculosis,tratamientos iniciados con esquema l,2009-07-01,5,5
LA GUARDIA,tuberculosis,tratamientos iniciados con esquema l,2009-07-01,3,3
LA PAZ,tuberculosis,tratamientos iniciados con esquema l,2009-07-01,94,94
LURIBAY,tuberculosis,tratamientos iniciados con esquema l,2009-07-01,1,1
MAPIRI,tuberculosis,tratamientos iniciados con esquema l,2009-07-01,2,2
MINEROS,tuberculosis,tratamientos iniciados con esquema l,2009-07-01,1,1
MIZQUE,tuberculosis,tratamientos iniciados con esquema l,2009-07-01,1,1
MONTERO,tuberculosis,tratamientos iniciados con esquema l,2009-07-01,8,8
OMEREQUE,tuberculosis,tratamientos iniciados con esquema l,2009-07-01,2,2
ORURO,tuberculosis,tratamientos iniciados con esquema l,2009-07-01,13,13
PALOS BLANCOS,tuberculosis,tratamientos iniciados con esquema l,2009-07-01,5,5
PATACAMAYA,tuberculosis,tratamientos iniciados con esquema l,2009-07-01,2,2
POCOATA,tuberculosis,tratamientos iniciados con esquema l,2009-07-01,1,1
PORCO,tuberculosis,tratamientos iniciados con esquema l,2009-07-01,1,1
PORVENIR,tuberculosis,tratamientos iniciados con esquema l,2009-07-01,1,1
POTOSI,tuberculosis,tratamientos iniciados con esquema l,2009-07-01,57,57
PUERTO QUIJARRO,tuberculosis,tratamientos iniciados con esquema l,2009-07-01,1,1
PUERTO RICO,tuberculosis,tratamientos iniciados con esquema l,2009-07-01,2,2
PUERTO SUAREZ,tuberculosis,tratamientos iniciados con esquema l,2009-07-01,1,1
PUERTO VILLARROEL,tuberculosis,tratamientos iniciados con esquema l,2009-07-01,5,5
PUNATA,tuberculosis,tratamientos iniciados con esquema l,2009-07-01,3,3
QUILLACOLLO,tuberculosis,tratamientos iniciados con esquema l,2009-07-01,13,13
RIBERALTA,tuberculosis,tratamientos iniciados con esquema l,2009-07-01,5,5
RURRENABAQUE,tuberculosis,tratamientos iniciados con esquema l,2009-07-01,1,1
SACABA,tuberculosis,tratamientos iniciados con esquema l,2009-07-01,11,11
SAN BORJA,tuberculosis,tratamientos iniciados con esquema l,2009-07-01,6,6
SAN BUENA VENTURA,tuberculosis,tratamientos iniciados con esquema l,2009-07-01,1,1
SAN CARLOS,tuberculosis,tratamientos iniciados con esquema l,2009-07-01,2,2
SAN IGNACIO,tuberculosis,tratamientos iniciados con esquema l,2009-07-01,3,3
SAN IGNACIO DE VELASCO,tuberculosis,tratamientos iniciados con esquema l,2009-07-01,3,3
SAN JOAQUIN,tuberculosis,tratamientos iniciados con esquema l,2009-07-01,1,1
SAN JULIAN,tuberculosis,tratamientos iniciados con esquema l,2009-07-01,9,9
SAN LORENZO(TJA),tuberculosis,tratamientos iniciados con esquema l,2009-07-01,1,1
SAN MATIAS,tuberculosis,tratamientos iniciados con esquema l,2009-07-01,2,2
SAN PEDRO,tuberculosis,tratamientos iniciados con esquema l,2009-07-01,2,2
SANTA CRUZ DE LA SIERRA,tuberculosis,tratamientos iniciados con esquema l,2009-07-01,106,106
SICA SICA (VILLA AROMA),tuberculosis,tratamientos iniciados con esquema l,2009-07-01,2,2
SORATA,tuberculosis,tratamientos iniciados con esquema l,2009-07-01,2,2
SUCRE,tuberculosis,tratamientos iniciados con esquema l,2009-07-01,17,17
TACACOMA,tuberculosis,tratamientos iniciados con esquema l,2009-07-01,1,1
TARIJA,tuberculosis,tratamientos iniciados con esquema l,2009-07-01,13,13
TARVITA,tuberculosis,tratamientos iniciados con esquema l,2009-07-01,1,1
TEOPONTE,tuberculosis,tratamientos iniciados con esquema l,2009-07-01,2,2
TIQUIPAYA,tuberculosis,tratamientos iniciados con esquema l,2009-07-01,6,6
TIRAQUE (CBBA),tuberculosis,tratamientos iniciados con esquema l,2009-07-01,4,4
TOTORA(CBBA),tuberculosis,tratamientos iniciados con esquema l,2009-07-01,2,2
TRINIDAD,tuberculosis,tratamientos iniciados con esquema l,2009-07-01,8,8
TUPIZA,tuberculosis,tratamientos iniciados con esquema l,2009-07-01,2,2
UNCIA,tuberculosis,tratamientos iniciados con esquema l,2009-07-01,1,1
VACAS,tuberculosis,tratamientos iniciados con esquema l,2009-07-01,1,1
VIACHA,tuberculosis,tratamientos iniciados con esquema l,2009-07-01,3,3
VILLA MONTES,tuberculosis,tratamientos iniciados con esquema l,2009-07-01,3,3
VILLA TUNARI,tuberculosis,tratamientos iniciados con esquema l,2009-07-01,5,5
VILLA VACA GUZMAN (MUYUPAMPA),tuberculosis,tratamientos iniciados con esquema l,2009-07-01,1,1
VILLAZON,tuberculosis,tratamientos iniciados con esquema l,2009-07-01,2,2
VINTO,tuberculosis,tratamientos iniciados con esquema l,2009-07-01,4,4
WARNES,tuberculosis,tratamientos iniciados con esquema l,2009-07-01,5,5
YACUIBA,tuberculosis,tratamientos iniciados con esquema l,2009-07-01,8,8
YAPACANI,tuberculosis,tratamientos iniciados con esquema l,2009-07-01,9,9
YOCALLA,tuberculosis,tratamientos iniciados con esquema l,2009-07-01,1,1
ACHACACHI,tuberculosis,tratamientos iniciados con esquema l,2009-08-01,2,2
APOLO,tuberculosis,tratamientos iniciados con esquema l,2009-08-01,1,1
ARANI,tuberculosis,tratamientos iniciados con esquema l,2009-08-01,1,1
ARQUE,tuberculosis,tratamientos iniciados con esquema l,2009-08-01,1,1
BERMEJO,tuberculosis,tratamientos iniciados con esquema l,2009-08-01,6,6
CABEZAS,tuberculosis,tratamientos iniciados con esquema l,2009-08-01,1,1
"CAIZA ""D""",tuberculosis,tratamientos iniciados con esquema l,2009-08-01,2,2
CARANAVI,tuberculosis,tratamientos iniciados con esquema l,2009-08-01,24,24
CARAPARI,tuberculosis,tratamientos iniciados con esquema l,2009-08-01,1,1
CARMEN RIVERO TORREZ,tuberculosis,tratamientos iniciados con esquema l,2009-08-01,3,3
CHALLAPATA,tuberculosis,tratamientos iniciados con esquema l,2009-08-01,1,1
CHARAGUA,tuberculosis,tratamientos iniciados con esquema l,2009-08-01,1,1
CHIMORE,tuberculosis,tratamientos iniciados con esquema l,2009-08-01,2,2
CHOQUE COTA,tuberculosis,tratamientos iniciados con esquema l,2009-08-01,2,2
CHULUMANI (V. DE LA LIBERTAD),tuberculosis,tratamientos iniciados con esquema l,2009-08-01,2,2
COBIJA,tuberculosis,tratamientos iniciados con esquema l,2009-08-01,3,3
COCHABAMBA,tuberculosis,tratamientos iniciados con esquema l,2009-08-01,31,31
COLCAPIRHUA,tuberculosis,tratamientos iniciados con esquema l,2009-08-01,2,2
COLOMI,tuberculosis,tratamientos iniciados con esquema l,2009-08-01,2,2
COLPA BELGICA,tuberculosis,tratamientos iniciados con esquema l,2009-08-01,2,2
COLQUECHACA,tuberculosis,tratamientos iniciados con esquema l,2009-08-01,1,1
COMBAYA,tuberculosis,tratamientos iniciados con esquema l,2009-08-01,1,1
CONCEPCION,tuberculosis,tratamientos iniciados con esquema l,2009-08-01,2,2
CORIPATA,tuberculosis,tratamientos iniciados con esquema l,2009-08-01,1,1
COROICO,tuberculosis,tratamientos iniciados con esquema l,2009-08-01,2,2
COTAGAITA,tuberculosis,tratamientos iniciados con esquema l,2009-08-01,1,1
COTOCA,tuberculosis,tratamientos iniciados con esquema l,2009-08-01,4,4
CUATRO CAÑADAS,tuberculosis,tratamientos iniciados con esquema l,2009-08-01,2,2
EL ALTO,tuberculosis,tratamientos iniciados con esquema l,2009-08-01,61,61
EL PUENTE(STC),tuberculosis,tratamientos iniciados con esquema l,2009-08-01,2,2
EL TORNO,tuberculosis,tratamientos iniciados con esquema l,2009-08-01,6,6
ENTRE RIOS,tuberculosis,tratamientos iniciados con esquema l,2009-08-01,3,3
FERNANDEZ ALONSO,tuberculosis,tratamientos iniciados con esquema l,2009-08-01,5,5
GENERAL SAAVEDRA,tuberculosis,tratamientos iniciados con esquema l,2009-08-01,1,1
GRAL. J.J. PEREZ (CHARAZANI),tuberculosis,tratamientos iniciados con esquema l,2009-08-01,3,3
GUANAY,tuberculosis,tratamientos iniciados con esquema l,2009-08-01,2,2
GUAYARAMERIN,tuberculosis,tratamientos iniciados con esquema l,2009-08-01,2,2
HUANUNI,tuberculosis,tratamientos iniciados con esquema l,2009-08-01,2,2
INCAHUASI,tuberculosis,tratamientos iniciados con esquema l,2009-08-01,2,2
IRUPANA (VILLA DE LANZA),tuberculosis,tratamientos iniciados con esquema l,2009-08-01,3,3
JESUS DE MACHACA,tuberculosis,tratamientos iniciados con esquema l,2009-08-01,1,1
LA ASUNTA,tuberculosis,tratamientos iniciados con esquema l,2009-08-01,1,1
LA GUARDIA,tuberculosis,tratamientos iniciados con esquema l,2009-08-01,5,5
LA PAZ,tuberculosis,tratamientos iniciados con esquema l,2009-08-01,78,78
LAGUNILLAS,tuberculosis,tratamientos iniciados con esquema l,2009-08-01,1,1
LLALLAGUA,tuberculosis,tratamientos iniciados con esquema l,2009-08-01,4,4
LORETO,tuberculosis,tratamientos iniciados con esquema l,2009-08-01,1,1
MACHARETI,tuberculosis,tratamientos iniciados con esquema l,2009-08-01,2,2
MAPIRI,tuberculosis,tratamientos iniciados con esquema l,2009-08-01,2,2
MOCOMOCO,tuberculosis,tratamientos iniciados con esquema l,2009-08-01,1,1
MONTEAGUDO,tuberculosis,tratamientos iniciados con esquema l,2009-08-01,1,1
MONTERO,tuberculosis,tratamientos iniciados con esquema l,2009-08-01,8,8
OCURI,tuberculosis,tratamientos iniciados con esquema l,2009-08-01,1,1
ORURO,tuberculosis,tratamientos iniciados con esquema l,2009-08-01,9,9
PADCAYA,tuberculosis,tratamientos iniciados con esquema l,2009-08-01,2,2
PAILON,tuberculosis,tratamientos iniciados con esquema l,2009-08-01,3,3
PALOS BLANCOS,tuberculosis,tratamientos iniciados con esquema l,2009-08-01,2,2
PAMPA GRANDE,tuberculosis,tratamientos iniciados con esquema l,2009-08-01,1,1
POCONA,tuberculosis,tratamientos iniciados con esquema l,2009-08-01,1,1
POOPO,tuberculosis,tratamientos iniciados con esquema l,2009-08-01,1,1
PORCO,tuberculosis,tratamientos iniciados con esquema l,2009-08-01,1,1
POROMA,tuberculosis,tratamientos iniciados con esquema l,2009-08-01,2,2
PORTACHUELO,tuberculosis,tratamientos iniciados con esquema l,2009-08-01,1,1
POTOSI,tuberculosis,tratamientos iniciados con esquema l,2009-08-01,26,26
PRESTO,tuberculosis,tratamientos iniciados con esquema l,2009-08-01,1,1
PUCARANI,tuberculosis,tratamientos iniciados con esquema l,2009-08-01,1,1
PUERTO RICO,tuberculosis,tratamientos iniciados con esquema l,2009-08-01,1,1
PUERTO SUAREZ,tuberculosis,tratamientos iniciados con esquema l,2009-08-01,1,1
PUERTO VILLARROEL,tuberculosis,tratamientos iniciados con esquema l,2009-08-01,12,12
PUNATA,tuberculosis,tratamientos iniciados con esquema l,2009-08-01,1,1
QUIABAYA,tuberculosis,tratamientos iniciados con esquema l,2009-08-01,1,1
QUILLACOLLO,tuberculosis,tratamientos iniciados con esquema l,2009-08-01,9,9
RIBERALTA,tuberculosis,tratamientos iniciados con esquema l,2009-08-01,5,5
SACABA,tuberculosis,tratamientos iniciados con esquema l,2009-08-01,5,5
SAN ANDRES,tuberculosis,tratamientos iniciados con esquema l,2009-08-01,1,1
SAN ANTONIO DE LOMERIO,tuberculosis,tratamientos iniciados con esquema l,2009-08-01,1,1
SAN BENITO,tuberculosis,tratamientos iniciados con esquema l,2009-08-01,1,1
SAN BORJA,tuberculosis,tratamientos iniciados con esquema l,2009-08-01,4,4
SAN CARLOS,tuberculosis,tratamientos iniciados con esquema l,2009-08-01,1,1
SAN IGNACIO,tuberculosis,tratamientos iniciados con esquema l,2009-08-01,1,1
SAN IGNACIO DE VELASCO,tuberculosis,tratamientos iniciados con esquema l,2009-08-01,2,2
SAN JAVIER(STC),tuberculosis,tratamientos iniciados con esquema l,2009-08-01,1,1
SAN JUAN DE YAPACANI,tuberculosis,tratamientos iniciados con esquema l,2009-08-01,1,1
SAN JULIAN,tuberculosis,tratamientos iniciados con esquema l,2009-08-01,2,2
SAN LORENZO(TJA),tuberculosis,tratamientos iniciados con esquema l,2009-08-01,1,1
SAN LUCAS,tuberculosis,tratamientos iniciados con esquema l,2009-08-01,1,1
SAN MIGUEL DE VELASCO,tuberculosis,tratamientos iniciados con esquema l,2009-08-01,1,1
SAN PEDRO,tuberculosis,tratamientos iniciados con esquema l,2009-08-01,1,1
SAN PEDRO DE TIQUINA,tuberculosis,tratamientos iniciados con esquema l,2009-08-01,1,1
SAN RAMON,tuberculosis,tratamientos iniciados con esquema l,2009-08-01,1,1
SANTA CRUZ DE LA SIERRA,tuberculosis,tratamientos iniciados con esquema l,2009-08-01,106,106
SAPAHAQUI,tuberculosis,tratamientos iniciados con esquema l,2009-08-01,2,2
SORATA,tuberculosis,tratamientos iniciados con esquema l,2009-08-01,1,1
SUCRE,tuberculosis,tratamientos iniciados con esquema l,2009-08-01,13,13
TACOBAMBA,tuberculosis,tratamientos iniciados con esquema l,2009-08-01,1,1
TAPACARI,tuberculosis,tratamientos iniciados con esquema l,2009-08-01,1,1
TARABUCO,tuberculosis,tratamientos iniciados con esquema l,2009-08-01,1,1
TARIJA,tuberculosis,tratamientos iniciados con esquema l,2009-08-01,10,10
TEOPONTE,tuberculosis,tratamientos iniciados con esquema l,2009-08-01,2,2
TINGUIPAYA,tuberculosis,tratamientos iniciados con esquema l,2009-08-01,1,1
TIPUANI,tuberculosis,tratamientos iniciados con esquema l,2009-08-01,5,5
TIQUIPAYA,tuberculosis,tratamientos iniciados con esquema l,2009-08-01,5,5
TIRAQUE (CBBA),tuberculosis,tratamientos iniciados con esquema l,2009-08-01,2,2
TOLATA,tuberculosis,tratamientos iniciados con esquema l,2009-08-01,1,1
TOTORA(CBBA),tuberculosis,tratamientos iniciados con esquema l,2009-08-01,1,1
TRINIDAD,tuberculosis,tratamientos iniciados con esquema l,2009-08-01,10,10
TUPIZA,tuberculosis,tratamientos iniciados con esquema l,2009-08-01,3,3
UNCIA,tuberculosis,tratamientos iniciados con esquema l,2009-08-01,2,2
URIONDO (A. CONCEPCION),tuberculosis,tratamientos iniciados con esquema l,2009-08-01,2,2
VACAS,tuberculosis,tratamientos iniciados con esquema l,2009-08-01,1,1
VIACHA,tuberculosis,tratamientos iniciados con esquema l,2009-08-01,1,1
VILLA MONTES,tuberculosis,tratamientos iniciados con esquema l,2009-08-01,2,2
VILLA TUNARI,tuberculosis,tratamientos iniciados con esquema l,2009-08-01,5,5
VILLAZON,tuberculosis,tratamientos iniciados con esquema l,2009-08-01,1,1
VINTO,tuberculosis,tratamientos iniciados con esquema l,2009-08-01,5,5
WARNES,tuberculosis,tratamientos iniciados con esquema l,2009-08-01,3,3
YACUIBA,tuberculosis,tratamientos iniciados con esquema l,2009-08-01,9,9
YANACACHI,tuberculosis,tratamientos iniciados con esquema l,2009-08-01,2,2
YAPACANI,tuberculosis,tratamientos iniciados con esquema l,2009-08-01,4,4
ACACIO,tuberculosis,tratamientos iniciados con esquema l,2009-09-01,1,1
ACHACACHI,tuberculosis,tratamientos iniciados con esquema l,2009-09-01,5,5
ANCORAIMES,tuberculosis,tratamientos iniciados con esquema l,2009-09-01,1,1
APOLO,tuberculosis,tratamientos iniciados con esquema l,2009-09-01,1,1
AYO AYO,tuberculosis,tratamientos iniciados con esquema l,2009-09-01,1,1
BATALLAS,tuberculosis,tratamientos iniciados con esquema l,2009-09-01,1,1
BERMEJO,tuberculosis,tratamientos iniciados con esquema l,2009-09-01,3,3
"CAIZA ""D""",tuberculosis,tratamientos iniciados con esquema l,2009-09-01,1,1
CALAMARCA,tuberculosis,tratamientos iniciados con esquema l,2009-09-01,1,1
CAMARGO,tuberculosis,tratamientos iniciados con esquema l,2009-09-01,3,3
CAMATAQUI (C. VILLA ABECIA),tuberculosis,tratamientos iniciados con esquema l,2009-09-01,1,1
CAPINOTA,tuberculosis,tratamientos iniciados con esquema l,2009-09-01,1,1
CARANAVI,tuberculosis,tratamientos iniciados con esquema l,2009-09-01,19,19
CARAPARI,tuberculosis,tratamientos iniciados con esquema l,2009-09-01,1,1
CHALLAPATA,tuberculosis,tratamientos iniciados con esquema l,2009-09-01,3,3
CHIMORE,tuberculosis,tratamientos iniciados con esquema l,2009-09-01,3,3
CHULUMANI (V. DE LA LIBERTAD),tuberculosis,tratamientos iniciados con esquema l,2009-09-01,4,4
CLIZA,tuberculosis,tratamientos iniciados con esquema l,2009-09-01,1,1
COBIJA,tuberculosis,tratamientos iniciados con esquema l,2009-09-01,1,1
COCHABAMBA,tuberculosis,tratamientos iniciados con esquema l,2009-09-01,29,29
COLCAPIRHUA,tuberculosis,tratamientos iniciados con esquema l,2009-09-01,1,1
COMARAPA,tuberculosis,tratamientos iniciados con esquema l,2009-09-01,1,1
CONCEPCION,tuberculosis,tratamientos iniciados con esquema l,2009-09-01,2,2
COPACABANA,tuberculosis,tratamientos iniciados con esquema l,2009-09-01,1,1
CORIPATA,tuberculosis,tratamientos iniciados con esquema l,2009-09-01,4,4
COROICO,tuberculosis,tratamientos iniciados con esquema l,2009-09-01,3,3
COTAGAITA,tuberculosis,tratamientos iniciados con esquema l,2009-09-01,1,1
COTOCA,tuberculosis,tratamientos iniciados con esquema l,2009-09-01,2,2
CUATRO CAÑADAS,tuberculosis,tratamientos iniciados con esquema l,2009-09-01,1,1
EL ALTO,tuberculosis,tratamientos iniciados con esquema l,2009-09-01,67,67
EL PUENTE(STC),tuberculosis,tratamientos iniciados con esquema l,2009-09-01,1,1
EL PUENTE(TJA),tuberculosis,tratamientos iniciados con esquema l,2009-09-01,1,1
EL TORNO,tuberculosis,tratamientos iniciados con esquema l,2009-09-01,5,5
ENTRE RIOS,tuberculosis,tratamientos iniciados con esquema l,2009-09-01,1,1
ENTRE RIOS,tuberculosis,tratamientos iniciados con esquema l,2009-09-01,6,6
FERNANDEZ ALONSO,tuberculosis,tratamientos iniciados con esquema l,2009-09-01,1,1
GENERAL SAAVEDRA,tuberculosis,tratamientos iniciados con esquema l,2009-09-01,1,1
GUANAY,tuberculosis,tratamientos iniciados con esquema l,2009-09-01,4,4
GUAYARAMERIN,tuberculosis,tratamientos iniciados con esquema l,2009-09-01,1,1
HUACARETA,tuberculosis,tratamientos iniciados con esquema l,2009-09-01,1,1
ICLA,tuberculosis,tratamientos iniciados con esquema l,2009-09-01,1,1
INQUISIVI,tuberculosis,tratamientos iniciados con esquema l,2009-09-01,1,1
IRUPANA (VILLA DE LANZA),tuberculosis,tratamientos iniciados con esquema l,2009-09-01,2,2
JESUS DE MACHACA,tuberculosis,tratamientos iniciados con esquema l,2009-09-01,1,1
LA ASUNTA,tuberculosis,tratamientos iniciados con esquema l,2009-09-01,1,1
LA GUARDIA,tuberculosis,tratamientos iniciados con esquema l,2009-09-01,9,9
LA PAZ,tuberculosis,tratamientos iniciados con esquema l,2009-09-01,111,111
LLALLAGUA,tuberculosis,tratamientos iniciados con esquema l,2009-09-01,5,5
MAPIRI,tuberculosis,tratamientos iniciados con esquema l,2009-09-01,1,1
MINEROS,tuberculosis,tratamientos iniciados con esquema l,2009-09-01,2,2
MIZQUE,tuberculosis,tratamientos iniciados con esquema l,2009-09-01,1,1
MOCOMOCO,tuberculosis,tratamientos iniciados con esquema l,2009-09-01,1,1
MONTEAGUDO,tuberculosis,tratamientos iniciados con esquema l,2009-09-01,1,1
MONTERO,tuberculosis,tratamientos iniciados con esquema l,2009-09-01,16,16
OKINAWA,tuberculosis,tratamientos iniciados con esquema l,2009-09-01,1,1
ORURO,tuberculosis,tratamientos iniciados con esquema l,2009-09-01,12,12
PADCAYA,tuberculosis,tratamientos iniciados con esquema l,2009-09-01,2,2
PADILLA,tuberculosis,tratamientos iniciados con esquema l,2009-09-01,1,1
PALOS BLANCOS,tuberculosis,tratamientos iniciados con esquema l,2009-09-01,4,4
PATACAMAYA,tuberculosis,tratamientos iniciados con esquema l,2009-09-01,1,1
POJO (CBBA),tuberculosis,tratamientos iniciados con esquema l,2009-09-01,2,2
PORTACHUELO,tuberculosis,tratamientos iniciados con esquema l,2009-09-01,1,1
POTOSI,tuberculosis,tratamientos iniciados con esquema l,2009-09-01,12,12
PUCARANI,tuberculosis,tratamientos iniciados con esquema l,2009-09-01,2,2
PUERTO SUAREZ,tuberculosis,tratamientos iniciados con esquema l,2009-09-01,1,1
PUERTO VILLARROEL,tuberculosis,tratamientos iniciados con esquema l,2009-09-01,11,11
PUNATA,tuberculosis,tratamientos iniciados con esquema l,2009-09-01,2,2
QUIABAYA,tuberculosis,tratamientos iniciados con esquema l,2009-09-01,1,1
QUILLACOLLO,tuberculosis,tratamientos iniciados con esquema l,2009-09-01,4,4
QUIME,tuberculosis,tratamientos iniciados con esquema l,2009-09-01,1,1
RIBERALTA,tuberculosis,tratamientos iniciados con esquema l,2009-09-01,13,13
ROBORE,tuberculosis,tratamientos iniciados con esquema l,2009-09-01,1,1
SACABA,tuberculosis,tratamientos iniciados con esquema l,2009-09-01,8,8
SAIPINA,tuberculosis,tratamientos iniciados con esquema l,2009-09-01,2,2
SAMAIPATA,tuberculosis,tratamientos iniciados con esquema l,2009-09-01,2,2
SAN BORJA,tuberculosis,tratamientos iniciados con esquema l,2009-09-01,3,3
SAN CARLOS,tuberculosis,tratamientos iniciados con esquema l,2009-09-01,1,1
SAN IGNACIO,tuberculosis,tratamientos iniciados con esquema l,2009-09-01,1,1
SAN IGNACIO DE VELASCO,tuberculosis,tratamientos iniciados con esquema l,2009-09-01,5,5
SAN JUAN DE YAPACANI,tuberculosis,tratamientos iniciados con esquema l,2009-09-01,1,1
SAN JULIAN,tuberculosis,tratamientos iniciados con esquema l,2009-09-01,2,2
SAN LUCAS,tuberculosis,tratamientos iniciados con esquema l,2009-09-01,2,2
SAN MATIAS,tuberculosis,tratamientos iniciados con esquema l,2009-09-01,1,1
SANTA CRUZ DE LA SIERRA,tuberculosis,tratamientos iniciados con esquema l,2009-09-01,121,121
SAPAHAQUI,tuberculosis,tratamientos iniciados con esquema l,2009-09-01,1,1
SOPACHUY,tuberculosis,tratamientos iniciados con esquema l,2009-09-01,2,2
SORACACHI,tuberculosis,tratamientos iniciados con esquema l,2009-09-01,1,1
SORATA,tuberculosis,tratamientos iniciados con esquema l,2009-09-01,2,2
SUCRE,tuberculosis,tratamientos iniciados con esquema l,2009-09-01,18,18
TACACOMA,tuberculosis,tratamientos iniciados con esquema l,2009-09-01,1,1
TACOBAMBA,tuberculosis,tratamientos iniciados con esquema l,2009-09-01,1,1
TAPACARI,tuberculosis,tratamientos iniciados con esquema l,2009-09-01,3,3
TARIJA,tuberculosis,tratamientos iniciados con esquema l,2009-09-01,7,7
TARVITA,tuberculosis,tratamientos iniciados con esquema l,2009-09-01,3,3
TIPUANI,tuberculosis,tratamientos iniciados con esquema l,2009-09-01,4,4
TIQUIPAYA,tuberculosis,tratamientos iniciados con esquema l,2009-09-01,2,2
TIRAQUE (CBBA),tuberculosis,tratamientos iniciados con esquema l,2009-09-01,4,4
TOLATA,tuberculosis,tratamientos iniciados con esquema l,2009-09-01,1,1
TORO TORO,tuberculosis,tratamientos iniciados con esquema l,2009-09-01,1,1
TOTORA(CBBA),tuberculosis,tratamientos iniciados con esquema l,2009-09-01,2,2
TRINIDAD,tuberculosis,tratamientos iniciados con esquema l,2009-09-01,6,6
TUPIZA,tuberculosis,tratamientos iniciados con esquema l,2009-09-01,2,2
UNCIA,tuberculosis,tratamientos iniciados con esquema l,2009-09-01,1,1
VIACHA,tuberculosis,tratamientos iniciados con esquema l,2009-09-01,2,2
VILLA MONTES,tuberculosis,tratamientos iniciados con esquema l,2009-09-01,4,4
VILLA TUNARI,tuberculosis,tratamientos iniciados con esquema l,2009-09-01,11,11
VILLAZON,tuberculosis,tratamientos iniciados con esquema l,2009-09-01,2,2
VINTO,tuberculosis,tratamientos iniciados con esquema l,2009-09-01,3,3
VITICHI,tuberculosis,tratamientos iniciados con esquema l,2009-09-01,1,1
WARNES,tuberculosis,tratamientos iniciados con esquema l,2009-09-01,2,2
YACUIBA,tuberculosis,tratamientos iniciados con esquema l,2009-09-01,17,17
YAPACANI,tuberculosis,tratamientos iniciados con esquema l,2009-09-01,2,2
ACACIO,tuberculosis,tratamientos iniciados con esquema l,2009-10-01,1,1
ACHACACHI,tuberculosis,tratamientos iniciados con esquema l,2009-10-01,1,1
AIQUILE,tuberculosis,tratamientos iniciados con esquema l,2009-10-01,1,1
APOLO,tuberculosis,tratamientos iniciados con esquema l,2009-10-01,1,1
ASCENCION DE GUARAYOS,tuberculosis,tratamientos iniciados con esquema l,2009-10-01,1,1
AYOPAYA (V. DE INDEPENDENCIA),tuberculosis,tratamientos iniciados con esquema l,2009-10-01,1,1
BERMEJO,tuberculosis,tratamientos iniciados con esquema l,2009-10-01,3,3
BETANZOS,tuberculosis,tratamientos iniciados con esquema l,2009-10-01,1,1
CABEZAS,tuberculosis,tratamientos iniciados con esquema l,2009-10-01,2,2
CALACOTO,tuberculosis,tratamientos iniciados con esquema l,2009-10-01,1,1
CALAMARCA,tuberculosis,tratamientos iniciados con esquema l,2009-10-01,1,1
CAMARGO,tuberculosis,tratamientos iniciados con esquema l,2009-10-01,1,1
CAMIRI,tuberculosis,tratamientos iniciados con esquema l,2009-10-01,1,1
CARANAVI,tuberculosis,tratamientos iniciados con esquema l,2009-10-01,15,15
CHALLAPATA,tuberculosis,tratamientos iniciados con esquema l,2009-10-01,1,1
CHIMORE,tuberculosis,tratamientos iniciados con esquema l,2009-10-01,1,1
CHULUMANI (V. DE LA LIBERTAD),tuberculosis,tratamientos iniciados con esquema l,2009-10-01,1,1
CHUMA,tuberculosis,tratamientos iniciados con esquema l,2009-10-01,1,1
CLIZA,tuberculosis,tratamientos iniciados con esquema l,2009-10-01,1,1
COBIJA,tuberculosis,tratamientos iniciados con esquema l,2009-10-01,3,3
COCHABAMBA,tuberculosis,tratamientos iniciados con esquema l,2009-10-01,36,36
COLCAPIRHUA,tuberculosis,tratamientos iniciados con esquema l,2009-10-01,3,3
COLPA BELGICA,tuberculosis,tratamientos iniciados con esquema l,2009-10-01,2,2
CONCEPCION,tuberculosis,tratamientos iniciados con esquema l,2009-10-01,2,2
COROICO,tuberculosis,tratamientos iniciados con esquema l,2009-10-01,2,2
COTAGAITA,tuberculosis,tratamientos iniciados con esquema l,2009-10-01,2,2
COTOCA,tuberculosis,tratamientos iniciados con esquema l,2009-10-01,1,1
CUATRO CAÑADAS,tuberculosis,tratamientos iniciados con esquema l,2009-10-01,1,1
CULPINA,tuberculosis,tratamientos iniciados con esquema l,2009-10-01,1,1
EL ALTO,tuberculosis,tratamientos iniciados con esquema l,2009-10-01,52,52
EL PUENTE(STC),tuberculosis,tratamientos iniciados con esquema l,2009-10-01,2,2
EL PUENTE(TJA),tuberculosis,tratamientos iniciados con esquema l,2009-10-01,1,1
EL TORNO,tuberculosis,tratamientos iniciados con esquema l,2009-10-01,7,7
ENTRE RIOS,tuberculosis,tratamientos iniciados con esquema l,2009-10-01,1,1
ENTRE RIOS,tuberculosis,tratamientos iniciados con esquema l,2009-10-01,6,6
FERNANDEZ ALONSO,tuberculosis,tratamientos iniciados con esquema l,2009-10-01,2,2
GENERAL SAAVEDRA,tuberculosis,tratamientos iniciados con esquema l,2009-10-01,2,2
GRAL. J.J. PEREZ (CHARAZANI),tuberculosis,tratamientos iniciados con esquema l,2009-10-01,1,1
GUANAY,tuberculosis,tratamientos iniciados con esquema l,2009-10-01,4,4
GUAYARAMERIN,tuberculosis,tratamientos iniciados con esquema l,2009-10-01,2,2
GUTIERREZ,tuberculosis,tratamientos iniciados con esquema l,2009-10-01,1,1
HUACARETA,tuberculosis,tratamientos iniciados con esquema l,2009-10-01,1,1
IRUPANA (VILLA DE LANZA),tuberculosis,tratamientos iniciados con esquema l,2009-10-01,2,2
JESUS DE MACHACA,tuberculosis,tratamientos iniciados con esquema l,2009-10-01,1,1
LA ASUNTA,tuberculosis,tratamientos iniciados con esquema l,2009-10-01,7,7
LA GUARDIA,tuberculosis,tratamientos iniciados con esquema l,2009-10-01,8,8
LA PAZ,tuberculosis,tratamientos iniciados con esquema l,2009-10-01,131,131
LAJA,tuberculosis,tratamientos iniciados con esquema l,2009-10-01,1,1
LICOMA PAMPA,tuberculosis,tratamientos iniciados con esquema l,2009-10-01,1,1
LLALLAGUA,tuberculosis,tratamientos iniciados con esquema l,2009-10-01,2,2
MACHARETI,tuberculosis,tratamientos iniciados con esquema l,2009-10-01,1,1
MAPIRI,tuberculosis,tratamientos iniciados con esquema l,2009-10-01,6,6
MECAPACA,tuberculosis,tratamientos iniciados con esquema l,2009-10-01,3,3
MIZQUE,tuberculosis,tratamientos iniciados con esquema l,2009-10-01,3,3
MONTEAGUDO,tuberculosis,tratamientos iniciados con esquema l,2009-10-01,1,1
MONTERO,tuberculosis,tratamientos iniciados con esquema l,2009-10-01,11,11
OCURI,tuberculosis,tratamientos iniciados con esquema l,2009-10-01,1,1
ORURO,tuberculosis,tratamientos iniciados con esquema l,2009-10-01,7,7
PADCAYA,tuberculosis,tratamientos iniciados con esquema l,2009-10-01,1,1
PAILON,tuberculosis,tratamientos iniciados con esquema l,2009-10-01,1,1
PALOS BLANCOS,tuberculosis,tratamientos iniciados con esquema l,2009-10-01,2,2
PELECHUCO,tuberculosis,tratamientos iniciados con esquema l,2009-10-01,1,1
POCOATA,tuberculosis,tratamientos iniciados con esquema l,2009-10-01,2,2
POOPO,tuberculosis,tratamientos iniciados con esquema l,2009-10-01,1,1
POTOSI,tuberculosis,tratamientos iniciados con esquema l,2009-10-01,65,65
PUCARANI,tuberculosis,tratamientos iniciados con esquema l,2009-10-01,2,2
PUERTO ACOSTA,tuberculosis,tratamientos iniciados con esquema l,2009-10-01,2,2
PUERTO VILLARROEL,tuberculosis,tratamientos iniciados con esquema l,2009-10-01,3,3
PUNATA,tuberculosis,tratamientos iniciados con esquema l,2009-10-01,2,2
QUIABAYA,tuberculosis,tratamientos iniciados con esquema l,2009-10-01,1,1
QUILLACOLLO,tuberculosis,tratamientos iniciados con esquema l,2009-10-01,7,7
RIBERALTA,tuberculosis,tratamientos iniciados con esquema l,2009-10-01,10,10
RURRENABAQUE,tuberculosis,tratamientos iniciados con esquema l,2009-10-01,2,2
SABAYA,tuberculosis,tratamientos iniciados con esquema l,2009-10-01,1,1
SACABA,tuberculosis,tratamientos iniciados con esquema l,2009-10-01,7,7
SACACA,tuberculosis,tratamientos iniciados con esquema l,2009-10-01,2,2
SAMAIPATA,tuberculosis,tratamientos iniciados con esquema l,2009-10-01,2,2
SAN ANDRES,tuberculosis,tratamientos iniciados con esquema l,2009-10-01,1,1
SAN BORJA,tuberculosis,tratamientos iniciados con esquema l,2009-10-01,2,2
SAN IGNACIO,tuberculosis,tratamientos iniciados con esquema l,2009-10-01,2,2
SAN IGNACIO DE VELASCO,tuberculosis,tratamientos iniciados con esquema l,2009-10-01,3,3
SAN JUAN DE YAPACANI,tuberculosis,tratamientos iniciados con esquema l,2009-10-01,1,1
SAN JULIAN,tuberculosis,tratamientos iniciados con esquema l,2009-10-01,5,5
SAN LUCAS,tuberculosis,tratamientos iniciados con esquema l,2009-10-01,2,2
SAN PEDRO,tuberculosis,tratamientos iniciados con esquema l,2009-10-01,3,3
SANTA CRUZ DE LA SIERRA,tuberculosis,tratamientos iniciados con esquema l,2009-10-01,129,129
SANTA ROSA DEL SARA,tuberculosis,tratamientos iniciados con esquema l,2009-10-01,1,1
SANTIVAÑES,tuberculosis,tratamientos iniciados con esquema l,2009-10-01,1,1
SAPAHAQUI,tuberculosis,tratamientos iniciados con esquema l,2009-10-01,2,2
SICAYA,tuberculosis,tratamientos iniciados con esquema l,2009-10-01,2,2
SIPE SIPE,tuberculosis,tratamientos iniciados con esquema l,2009-10-01,1,1
SORATA,tuberculosis,tratamientos iniciados con esquema l,2009-10-01,4,4
SUCRE,tuberculosis,tratamientos iniciados con esquema l,2009-10-01,24,24
TACACOMA,tuberculosis,tratamientos iniciados con esquema l,2009-10-01,1,1
TAPACARI,tuberculosis,tratamientos iniciados con esquema l,2009-10-01,1,1
TARABUCO,tuberculosis,tratamientos iniciados con esquema l,2009-10-01,1,1
TARATA,tuberculosis,tratamientos iniciados con esquema l,2009-10-01,1,1
TARIJA,tuberculosis,tratamientos iniciados con esquema l,2009-10-01,9,9
TEOPONTE,tuberculosis,tratamientos iniciados con esquema l,2009-10-01,1,1
TIAWANACU,tuberculosis,tratamientos iniciados con esquema l,2009-10-01,1,1
TIPUANI,tuberculosis,tratamientos iniciados con esquema l,2009-10-01,4,4
TIQUIPAYA,tuberculosis,tratamientos iniciados con esquema l,2009-10-01,1,1
TIRAQUE (CBBA),tuberculosis,tratamientos iniciados con esquema l,2009-10-01,1,1
TOTORA(CBBA),tuberculosis,tratamientos iniciados con esquema l,2009-10-01,1,1
TRINIDAD,tuberculosis,tratamientos iniciados con esquema l,2009-10-01,4,4
TUPIZA,tuberculosis,tratamientos iniciados con esquema l,2009-10-01,2,2
UNCIA,tuberculosis,tratamientos iniciados con esquema l,2009-10-01,1,1
UYUNI,tuberculosis,tratamientos iniciados con esquema l,2009-10-01,1,1
VIACHA,tuberculosis,tratamientos iniciados con esquema l,2009-10-01,2,2
VILLA MONTES,tuberculosis,tratamientos iniciados con esquema l,2009-10-01,1,1
VILLA TUNARI,tuberculosis,tratamientos iniciados con esquema l,2009-10-01,12,12
VILLAZON,tuberculosis,tratamientos iniciados con esquema l,2009-10-01,2,2
VINTO,tuberculosis,tratamientos iniciados con esquema l,2009-10-01,1,1
WARNES,tuberculosis,tratamientos iniciados con esquema l,2009-10-01,8,8
YACUIBA,tuberculosis,tratamientos iniciados con esquema l,2009-10-01,14,14
YAPACANI,tuberculosis,tratamientos iniciados con esquema l,2009-10-01,10,10
ACHACACHI,tuberculosis,tratamientos iniciados con esquema l,2009-11-01,4,4
APOLO,tuberculosis,tratamientos iniciados con esquema l,2009-11-01,1,1
AZURDUY,tuberculosis,tratamientos iniciados con esquema l,2009-11-01,4,4
BATALLAS,tuberculosis,tratamientos iniciados con esquema l,2009-11-01,1,1
BERMEJO,tuberculosis,tratamientos iniciados con esquema l,2009-11-01,4,4
CABEZAS,tuberculosis,tratamientos iniciados con esquema l,2009-11-01,3,3
CALACOTO,tuberculosis,tratamientos iniciados con esquema l,2009-11-01,2,2
CAMIRI,tuberculosis,tratamientos iniciados con esquema l,2009-11-01,1,1
CAPINOTA,tuberculosis,tratamientos iniciados con esquema l,2009-11-01,1,1
CARANAVI,tuberculosis,tratamientos iniciados con esquema l,2009-11-01,14,14
CARAPARI,tuberculosis,tratamientos iniciados con esquema l,2009-11-01,3,3
CHARAGUA,tuberculosis,tratamientos iniciados con esquema l,2009-11-01,1,1
CHIMORE,tuberculosis,tratamientos iniciados con esquema l,2009-11-01,5,5
CHULUMANI (V. DE LA LIBERTAD),tuberculosis,tratamientos iniciados con esquema l,2009-11-01,4,4
COBIJA,tuberculosis,tratamientos iniciados con esquema l,2009-11-01,8,8
COCHABAMBA,tuberculosis,tratamientos iniciados con esquema l,2009-11-01,27,27
COLCAPIRHUA,tuberculosis,tratamientos iniciados con esquema l,2009-11-01,3,3
COLQUECHACA,tuberculosis,tratamientos iniciados con esquema l,2009-11-01,1,1
COLQUENCHA,tuberculosis,tratamientos iniciados con esquema l,2009-11-01,1,1
COMARAPA,tuberculosis,tratamientos iniciados con esquema l,2009-11-01,1,1
CORIPATA,tuberculosis,tratamientos iniciados con esquema l,2009-11-01,3,3
COROICO,tuberculosis,tratamientos iniciados con esquema l,2009-11-01,4,4
COTAGAITA,tuberculosis,tratamientos iniciados con esquema l,2009-11-01,3,3
COTOCA,tuberculosis,tratamientos iniciados con esquema l,2009-11-01,5,5
CURVA,tuberculosis,tratamientos iniciados con esquema l,2009-11-01,1,1
EL ALTO,tuberculosis,tratamientos iniciados con esquema l,2009-11-01,58,58
EL CHORO,tuberculosis,tratamientos iniciados con esquema l,2009-11-01,1,1
EL PUENTE(STC),tuberculosis,tratamientos iniciados con esquema l,2009-11-01,2,2
EL TORNO,tuberculosis,tratamientos iniciados con esquema l,2009-11-01,5,5
ENTRE RIOS,tuberculosis,tratamientos iniciados con esquema l,2009-11-01,4,4
FERNANDEZ ALONSO,tuberculosis,tratamientos iniciados con esquema l,2009-11-01,1,1
GUANAY,tuberculosis,tratamientos iniciados con esquema l,2009-11-01,2,2
GUAYARAMERIN,tuberculosis,tratamientos iniciados con esquema l,2009-11-01,1,1
INCAHUASI,tuberculosis,tratamientos iniciados con esquema l,2009-11-01,2,2
IRUPANA (VILLA DE LANZA),tuberculosis,tratamientos iniciados con esquema l,2009-11-01,1,1
LA ASUNTA,tuberculosis,tratamientos iniciados con esquema l,2009-11-01,5,5
LA GUARDIA,tuberculosis,tratamientos iniciados con esquema l,2009-11-01,6,6
LA PAZ,tuberculosis,tratamientos iniciados con esquema l,2009-11-01,105,105
LAJA,tuberculosis,tratamientos iniciados con esquema l,2009-11-01,1,1
LLALLAGUA,tuberculosis,tratamientos iniciados con esquema l,2009-11-01,6,6
MAIRANA,tuberculosis,tratamientos iniciados con esquema l,2009-11-01,1,1
MAPIRI,tuberculosis,tratamientos iniciados con esquema l,2009-11-01,2,2
MIZQUE,tuberculosis,tratamientos iniciados con esquema l,2009-11-01,3,3
MONTEAGUDO,tuberculosis,tratamientos iniciados con esquema l,2009-11-01,2,2
MONTERO,tuberculosis,tratamientos iniciados con esquema l,2009-11-01,12,12
OKINAWA,tuberculosis,tratamientos iniciados con esquema l,2009-11-01,4,4
OMEREQUE,tuberculosis,tratamientos iniciados con esquema l,2009-11-01,1,1
ORURO,tuberculosis,tratamientos iniciados con esquema l,2009-11-01,17,17
PAILON,tuberculosis,tratamientos iniciados con esquema l,2009-11-01,2,2
PALOS BLANCOS,tuberculosis,tratamientos iniciados con esquema l,2009-11-01,4,4
PAMPA GRANDE,tuberculosis,tratamientos iniciados con esquema l,2009-11-01,1,1
PATACAMAYA,tuberculosis,tratamientos iniciados con esquema l,2009-11-01,3,3
POCOATA,tuberculosis,tratamientos iniciados con esquema l,2009-11-01,1,1
POCONA,tuberculosis,tratamientos iniciados con esquema l,2009-11-01,1,1
POROMA,tuberculosis,tratamientos iniciados con esquema l,2009-11-01,2,2
PORONGO,tuberculosis,tratamientos iniciados con esquema l,2009-11-01,1,1
POTOSI,tuberculosis,tratamientos iniciados con esquema l,2009-11-01,8,8
PUERTO ACOSTA,tuberculosis,tratamientos iniciados con esquema l,2009-11-01,1,1
PUERTO QUIJARRO,tuberculosis,tratamientos iniciados con esquema l,2009-11-01,2,2
PUERTO SUAREZ,tuberculosis,tratamientos iniciados con esquema l,2009-11-01,1,1
PUERTO VILLARROEL,tuberculosis,tratamientos iniciados con esquema l,2009-11-01,7,7
PUNA,tuberculosis,tratamientos iniciados con esquema l,2009-11-01,2,2
RIBERALTA,tuberculosis,tratamientos iniciados con esquema l,2009-11-01,9,9
SACABA,tuberculosis,tratamientos iniciados con esquema l,2009-11-01,8,8
SAN BORJA,tuberculosis,tratamientos iniciados con esquema l,2009-11-01,2,2
SAN CARLOS,tuberculosis,tratamientos iniciados con esquema l,2009-11-01,1,1
SAN IGNACIO,tuberculosis,tratamientos iniciados con esquema l,2009-11-01,2,2
SAN IGNACIO DE VELASCO,tuberculosis,tratamientos iniciados con esquema l,2009-11-01,2,2
SAN JOSE DE CHIQUITOS,tuberculosis,tratamientos iniciados con esquema l,2009-11-01,1,1
SAN JUAN DE YAPACANI,tuberculosis,tratamientos iniciados con esquema l,2009-11-01,1,1
SAN JULIAN,tuberculosis,tratamientos iniciados con esquema l,2009-11-01,4,4
SAN LUCAS,tuberculosis,tratamientos iniciados con esquema l,2009-11-01,2,2
SAN MATIAS,tuberculosis,tratamientos iniciados con esquema l,2009-11-01,1,1
SAN MIGUEL DE VELASCO,tuberculosis,tratamientos iniciados con esquema l,2009-11-01,1,1
SAN PEDRO,tuberculosis,tratamientos iniciados con esquema l,2009-11-01,1,1
SANTA ANA,tuberculosis,tratamientos iniciados con esquema l,2009-11-01,1,1
SANTA CRUZ DE LA SIERRA,tuberculosis,tratamientos iniciados con esquema l,2009-11-01,133,133
SANTA ROSA DEL SARA,tuberculosis,tratamientos iniciados con esquema l,2009-11-01,2,2
SIPE SIPE,tuberculosis,tratamientos iniciados con esquema l,2009-11-01,2,2
SORATA,tuberculosis,tratamientos iniciados con esquema l,2009-11-01,2,2
SUCRE,tuberculosis,tratamientos iniciados con esquema l,2009-11-01,13,13
TACACOMA,tuberculosis,tratamientos iniciados con esquema l,2009-11-01,2,2
TACOBAMBA,tuberculosis,tratamientos iniciados con esquema l,2009-11-01,1,1
TAPACARI,tuberculosis,tratamientos iniciados con esquema l,2009-11-01,2,2
TARABUCO,tuberculosis,tratamientos iniciados con esquema l,2009-11-01,2,2
TARATA,tuberculosis,tratamientos iniciados con esquema l,2009-11-01,1,1
TARIJA,tuberculosis,tratamientos iniciados con esquema l,2009-11-01,9,9
TIAWANACU,tuberculosis,tratamientos iniciados con esquema l,2009-11-01,1,1
TINGUIPAYA,tuberculosis,tratamientos iniciados con esquema l,2009-11-01,1,1
TIPUANI,tuberculosis,tratamientos iniciados con esquema l,2009-11-01,6,6
TIQUIPAYA,tuberculosis,tratamientos iniciados con esquema l,2009-11-01,5,5
TIRAQUE (CBBA),tuberculosis,tratamientos iniciados con esquema l,2009-11-01,3,3
TORO TORO,tuberculosis,tratamientos iniciados con esquema l,2009-11-01,1,1
TRINIDAD,tuberculosis,tratamientos iniciados con esquema l,2009-11-01,10,10
TUPIZA,tuberculosis,tratamientos iniciados con esquema l,2009-11-01,1,1
VIACHA,tuberculosis,tratamientos iniciados con esquema l,2009-11-01,4,4
VILLA MONTES,tuberculosis,tratamientos iniciados con esquema l,2009-11-01,1,1
VILLA RIVERO,tuberculosis,tratamientos iniciados con esquema l,2009-11-01,1,1
VILLA TUNARI,tuberculosis,tratamientos iniciados con esquema l,2009-11-01,7,7
VILLAZON,tuberculosis,tratamientos iniciados con esquema l,2009-11-01,2,2
VINTO,tuberculosis,tratamientos iniciados con esquema l,2009-11-01,4,4
WARNES,tuberculosis,tratamientos iniciados con esquema l,2009-11-01,6,6
YACUIBA,tuberculosis,tratamientos iniciados con esquema l,2009-11-01,19,19
YAMPARAEZ,tuberculosis,tratamientos iniciados con esquema l,2009-11-01,1,1
YAPACANI,tuberculosis,tratamientos iniciados con esquema l,2009-11-01,4,4
YOTALA,tuberculosis,tratamientos iniciados con esquema l,2009-11-01,2,2
ACHACACHI,tuberculosis,tratamientos iniciados con esquema l,2009-12-01,3,3
AIQUILE,tuberculosis,tratamientos iniciados con esquema l,2009-12-01,1,1
AUCAPATA,tuberculosis,tratamientos iniciados con esquema l,2009-12-01,2,2
AYATA,tuberculosis,tratamientos iniciados con esquema l,2009-12-01,1,1
AYOPAYA (V. DE INDEPENDENCIA),tuberculosis,tratamientos iniciados con esquema l,2009-12-01,1,1
BELEN DE ANDAMARCA,tuberculosis,tratamientos iniciados con esquema l,2009-12-01,1,1
BERMEJO,tuberculosis,tratamientos iniciados con esquema l,2009-12-01,4,4
CABEZAS,tuberculosis,tratamientos iniciados con esquema l,2009-12-01,1,1
CAMARGO,tuberculosis,tratamientos iniciados con esquema l,2009-12-01,1,1
CAPINOTA,tuberculosis,tratamientos iniciados con esquema l,2009-12-01,4,4
CARANAVI,tuberculosis,tratamientos iniciados con esquema l,2009-12-01,22,22
CARAPARI,tuberculosis,tratamientos iniciados con esquema l,2009-12-01,2,2
CHARAÑA,tuberculosis,tratamientos iniciados con esquema l,2009-12-01,1,1
CHIMORE,tuberculosis,tratamientos iniciados con esquema l,2009-12-01,1,1
CHULUMANI (V. DE LA LIBERTAD),tuberculosis,tratamientos iniciados con esquema l,2009-12-01,2,2
COBIJA,tuberculosis,tratamientos iniciados con esquema l,2009-12-01,2,2
COCHABAMBA,tuberculosis,tratamientos iniciados con esquema l,2009-12-01,27,27
COLCAPIRHUA,tuberculosis,tratamientos iniciados con esquema l,2009-12-01,1,1
COLOMI,tuberculosis,tratamientos iniciados con esquema l,2009-12-01,1,1
COLQUENCHA,tuberculosis,tratamientos iniciados con esquema l,2009-12-01,1,1
CORIPATA,tuberculosis,tratamientos iniciados con esquema l,2009-12-01,3,3
COROICO,tuberculosis,tratamientos iniciados con esquema l,2009-12-01,7,7
DESAGUADERO,tuberculosis,tratamientos iniciados con esquema l,2009-12-01,1,1
EL ALTO,tuberculosis,tratamientos iniciados con esquema l,2009-12-01,47,47
EL PUENTE(TJA),tuberculosis,tratamientos iniciados con esquema l,2009-12-01,1,1
EL TORNO,tuberculosis,tratamientos iniciados con esquema l,2009-12-01,5,5
ENTRE RIOS,tuberculosis,tratamientos iniciados con esquema l,2009-12-01,1,1
ENTRE RIOS,tuberculosis,tratamientos iniciados con esquema l,2009-12-01,1,1
FERNANDEZ ALONSO,tuberculosis,tratamientos iniciados con esquema l,2009-12-01,2,2
GENERAL SAAVEDRA,tuberculosis,tratamientos iniciados con esquema l,2009-12-01,1,1
INCAHUASI,tuberculosis,tratamientos iniciados con esquema l,2009-12-01,1,1
IRUPANA (VILLA DE LANZA),tuberculosis,tratamientos iniciados con esquema l,2009-12-01,2,2
JESUS DE MACHACA,tuberculosis,tratamientos iniciados con esquema l,2009-12-01,1,1
LA ASUNTA,tuberculosis,tratamientos iniciados con esquema l,2009-12-01,3,3
LA GUARDIA,tuberculosis,tratamientos iniciados con esquema l,2009-12-01,4,4
LA PAZ,tuberculosis,tratamientos iniciados con esquema l,2009-12-01,106,106
LAJA,tuberculosis,tratamientos iniciados con esquema l,2009-12-01,1,1
LICOMA PAMPA,tuberculosis,tratamientos iniciados con esquema l,2009-12-01,1,1
LLALLAGUA,tuberculosis,tratamientos iniciados con esquema l,2009-12-01,1,1
LURIBAY,tuberculosis,tratamientos iniciados con esquema l,2009-12-01,1,1
MACHARETI,tuberculosis,tratamientos iniciados con esquema l,2009-12-01,1,1
MAPIRI,tuberculosis,tratamientos iniciados con esquema l,2009-12-01,2,2
MECAPACA,tuberculosis,tratamientos iniciados con esquema l,2009-12-01,3,3
MINEROS,tuberculosis,tratamientos iniciados con esquema l,2009-12-01,2,2
MONTEAGUDO,tuberculosis,tratamientos iniciados con esquema l,2009-12-01,1,1
MONTERO,tuberculosis,tratamientos iniciados con esquema l,2009-12-01,8,8
OMEREQUE,tuberculosis,tratamientos iniciados con esquema l,2009-12-01,1,1
ORURO,tuberculosis,tratamientos iniciados con esquema l,2009-12-01,15,15
PALOS BLANCOS,tuberculosis,tratamientos iniciados con esquema l,2009-12-01,6,6
POCOATA,tuberculosis,tratamientos iniciados con esquema l,2009-12-01,1,1
POCONA,tuberculosis,tratamientos iniciados con esquema l,2009-12-01,1,1
PORCO,tuberculosis,tratamientos iniciados con esquema l,2009-12-01,1,1
POTOSI,tuberculosis,tratamientos iniciados con esquema l,2009-12-01,14,14
PUERTO QUIJARRO,tuberculosis,tratamientos iniciados con esquema l,2009-12-01,1,1
PUERTO VILLARROEL,tuberculosis,tratamientos iniciados con esquema l,2009-12-01,10,10
PUNATA,tuberculosis,tratamientos iniciados con esquema l,2009-12-01,3,3
QUILLACOLLO,tuberculosis,tratamientos iniciados con esquema l,2009-12-01,8,8
QUIME,tuberculosis,tratamientos iniciados con esquema l,2009-12-01,1,1
RIBERALTA,tuberculosis,tratamientos iniciados con esquema l,2009-12-01,6,6
SACABA,tuberculosis,tratamientos iniciados con esquema l,2009-12-01,4,4
SACACA,tuberculosis,tratamientos iniciados con esquema l,2009-12-01,1,1
SAN BENITO,tuberculosis,tratamientos iniciados con esquema l,2009-12-01,1,1
SAN BORJA,tuberculosis,tratamientos iniciados con esquema l,2009-12-01,1,1
SAN BUENA VENTURA,tuberculosis,tratamientos iniciados con esquema l,2009-12-01,1,1
SAN IGNACIO,tuberculosis,tratamientos iniciados con esquema l,2009-12-01,1,1
SAN IGNACIO DE VELASCO,tuberculosis,tratamientos iniciados con esquema l,2009-12-01,1,1
SAN JUAN DE YAPACANI,tuberculosis,tratamientos iniciados con esquema l,2009-12-01,1,1
SAN JULIAN,tuberculosis,tratamientos iniciados con esquema l,2009-12-01,3,3
SAN LORENZO(TJA),tuberculosis,tratamientos iniciados con esquema l,2009-12-01,4,4
SAN MATIAS,tuberculosis,tratamientos iniciados con esquema l,2009-12-01,2,2
SANTA CRUZ DE LA SIERRA,tuberculosis,tratamientos iniciados con esquema l,2009-12-01,122,122
SANTA ROSA,tuberculosis,tratamientos iniciados con esquema l,2009-12-01,1,1
SANTA ROSA DEL SARA,tuberculosis,tratamientos iniciados con esquema l,2009-12-01,1,1
SORATA,tuberculosis,tratamientos iniciados con esquema l,2009-12-01,3,3
SUCRE,tuberculosis,tratamientos iniciados con esquema l,2009-12-01,24,24
TACACOMA,tuberculosis,tratamientos iniciados con esquema l,2009-12-01,1,1
TAPACARI,tuberculosis,tratamientos iniciados con esquema l,2009-12-01,2,2
TARIJA,tuberculosis,tratamientos iniciados con esquema l,2009-12-01,10,10
TEOPONTE,tuberculosis,tratamientos iniciados con esquema l,2009-12-01,3,3
TINGUIPAYA,tuberculosis,tratamientos iniciados con esquema l,2009-12-01,1,1
TIPUANI,tuberculosis,tratamientos iniciados con esquema l,2009-12-01,5,5
TIQUIPAYA,tuberculosis,tratamientos iniciados con esquema l,2009-12-01,1,1
TIRAQUE (CBBA),tuberculosis,tratamientos iniciados con esquema l,2009-12-01,5,5
TRINIDAD,tuberculosis,tratamientos iniciados con esquema l,2009-12-01,7,7
TUPIZA,tuberculosis,tratamientos iniciados con esquema l,2009-12-01,1,1
URIONDO (A. CONCEPCION),tuberculosis,tratamientos iniciados con esquema l,2009-12-01,1,1
VIACHA,tuberculosis,tratamientos iniciados con esquema l,2009-12-01,2,2
VILLA MONTES,tuberculosis,tratamientos iniciados con esquema l,2009-12-01,2,2
VILLA SERRANO,tuberculosis,tratamientos iniciados con esquema l,2009-12-01,1,1
VILLA TUNARI,tuberculosis,tratamientos iniciados con esquema l,2009-12-01,6,6
VILLA VACA GUZMAN (MUYUPAMPA),tuberculosis,tratamientos iniciados con esquema l,2009-12-01,2,2
VINTO,tuberculosis,tratamientos iniciados con esquema l,2009-12-01,2,2
WARNES,tuberculosis,tratamientos iniciados con esquema l,2009-12-01,5,5
YACUIBA,tuberculosis,tratamientos iniciados con esquema l,2009-12-01,9,9
YAPACANI,tuberculosis,tratamientos iniciados con esquema l,2009-12-01,9,9
YOCALLA,tuberculosis,tratamientos iniciados con esquema l,2009-12-01,1,1
YOTALA,tuberculosis,tratamientos iniciados con esquema l,2009-12-01,4,4
ZUDAÑEZ,tuberculosis,tratamientos iniciados con esquema l,2009-12-01,1,1
