department,municipality_id,municipality,year,month,population,value
La Paz,22001,Caranavi,2011,1,TRATAMIENTOS INICIADOS CON ESQUEMA LLL CANTIDAD / MASCULINO,1
Cochabamba,31204,Chimore,2011,1,TRATAMIENTOS INICIADOS CON ESQUEMA LLL CANTIDAD / MASCULINO,1
Pando,90101,Cobija,2011,1,TRATAMIENTOS INICIADOS CON ESQUEMA LLL CANTIDAD / MASCULINO,0
La Paz,21004,Colquiri,2011,1,TRATAMIENTOS INICIADOS CON ESQUEMA LLL CANTIDAD / MASCULINO,0
Beni,80202,Guayaramerin,2011,1,TRATAMIENTOS INICIADOS CON ESQUEMA LLL CANTIDAD / MASCULINO,1
La Paz,20101,La Paz,2011,1,TRATAMIENTOS INICIADOS CON ESQUEMA LLL CANTIDAD / MASCULINO,0
Santa Cruz,71001,Montero,2011,1,TRATAMIENTOS INICIADOS CON ESQUEMA LLL CANTIDAD / MASCULINO,0
Chuquisaca,10401,Padilla,2011,1,TRATAMIENTOS INICIADOS CON ESQUEMA LLL CANTIDAD / MASCULINO,1
La Paz,21104,Palos Blancos,2011,1,TRATAMIENTOS INICIADOS CON ESQUEMA LLL CANTIDAD / MASCULINO,0
Potosí,50101,Potosi,2011,1,TRATAMIENTOS INICIADOS CON ESQUEMA LLL CANTIDAD / MASCULINO,1
Cochabamba,31205,Puerto Villarroel,2011,1,TRATAMIENTOS INICIADOS CON ESQUEMA LLL CANTIDAD / MASCULINO,0
Cochabamba,30901,Quillacollo,2011,1,TRATAMIENTOS INICIADOS CON ESQUEMA LLL CANTIDAD / MASCULINO,0
Cochabamba,31001,Sacaba,2011,1,TRATAMIENTOS INICIADOS CON ESQUEMA LLL CANTIDAD / MASCULINO,0
Santa Cruz,71102,San Javier(stc),2011,1,TRATAMIENTOS INICIADOS CON ESQUEMA LLL CANTIDAD / MASCULINO,1
Santa Cruz,70101,Santa Cruz De La Sierra,2011,1,TRATAMIENTOS INICIADOS CON ESQUEMA LLL CANTIDAD / MASCULINO,0
Chuquisaca,10101,Sucre,2011,1,TRATAMIENTOS INICIADOS CON ESQUEMA LLL CANTIDAD / MASCULINO,0
Cochabamba,30903,Tiquipaya,2011,1,TRATAMIENTOS INICIADOS CON ESQUEMA LLL CANTIDAD / MASCULINO,2
La Paz,20801,Viacha,2011,1,TRATAMIENTOS INICIADOS CON ESQUEMA LLL CANTIDAD / MASCULINO,0
Chuquisaca,11001,Villa Vaca Guzman (muyupampa),2011,1,TRATAMIENTOS INICIADOS CON ESQUEMA LLL CANTIDAD / MASCULINO,1
Tarija,60301,Yacuiba,2011,1,TRATAMIENTOS INICIADOS CON ESQUEMA LLL CANTIDAD / MASCULINO,7
Santa Cruz,71501,Ascencion De Guarayos,2011,2,TRATAMIENTOS INICIADOS CON ESQUEMA LLL CANTIDAD / MASCULINO,0
La Paz,21101,Chulumani (v. De La Libertad),2011,2,TRATAMIENTOS INICIADOS CON ESQUEMA LLL CANTIDAD / MASCULINO,1
Cochabamba,30101,Cochabamba,2011,2,TRATAMIENTOS INICIADOS CON ESQUEMA LLL CANTIDAD / MASCULINO,1
Santa Cruz,70102,Cotoca,2011,2,TRATAMIENTOS INICIADOS CON ESQUEMA LLL CANTIDAD / MASCULINO,1
La Paz,20105,El Alto,2011,2,TRATAMIENTOS INICIADOS CON ESQUEMA LLL CANTIDAD / MASCULINO,0
Cochabamba,31206,Entre Rios Cbba,2011,2,TRATAMIENTOS INICIADOS CON ESQUEMA LLL CANTIDAD / MASCULINO,1
La Paz,20101,La Paz,2011,2,TRATAMIENTOS INICIADOS CON ESQUEMA LLL CANTIDAD / MASCULINO,0
Chuquisaca,10501,Monteagudo,2011,2,TRATAMIENTOS INICIADOS CON ESQUEMA LLL CANTIDAD / MASCULINO,1
Cochabamba,31205,Puerto Villarroel,2011,2,TRATAMIENTOS INICIADOS CON ESQUEMA LLL CANTIDAD / MASCULINO,0
Santa Cruz,71104,San Julian,2011,2,TRATAMIENTOS INICIADOS CON ESQUEMA LLL CANTIDAD / MASCULINO,1
Santa Cruz,70101,Santa Cruz De La Sierra,2011,2,TRATAMIENTOS INICIADOS CON ESQUEMA LLL CANTIDAD / MASCULINO,1
Cochabamba,31602,Shinaota,2011,2,TRATAMIENTOS INICIADOS CON ESQUEMA LLL CANTIDAD / MASCULINO,0
Chuquisaca,10101,Sucre,2011,2,TRATAMIENTOS INICIADOS CON ESQUEMA LLL CANTIDAD / MASCULINO,1
La Paz,20606,Tipuani,2011,2,TRATAMIENTOS INICIADOS CON ESQUEMA LLL CANTIDAD / MASCULINO,0
Santa Cruz,70201,Warnes,2011,2,TRATAMIENTOS INICIADOS CON ESQUEMA LLL CANTIDAD / MASCULINO,1
Tarija,60301,Yacuiba,2011,2,TRATAMIENTOS INICIADOS CON ESQUEMA LLL CANTIDAD / MASCULINO,1
Santa Cruz,70403,Yapacani,2011,2,TRATAMIENTOS INICIADOS CON ESQUEMA LLL CANTIDAD / MASCULINO,0
Santa Cruz,70706,Camiri,2011,3,TRATAMIENTOS INICIADOS CON ESQUEMA LLL CANTIDAD / MASCULINO,1
La Paz,20105,El Alto,2011,3,TRATAMIENTOS INICIADOS CON ESQUEMA LLL CANTIDAD / MASCULINO,0
La Paz,21105,La Asunta,2011,3,TRATAMIENTOS INICIADOS CON ESQUEMA LLL CANTIDAD / MASCULINO,1
Santa Cruz,70104,La Guardia,2011,3,TRATAMIENTOS INICIADOS CON ESQUEMA LLL CANTIDAD / MASCULINO,0
La Paz,20101,La Paz,2011,3,TRATAMIENTOS INICIADOS CON ESQUEMA LLL CANTIDAD / MASCULINO,0
Chuquisaca,10501,Monteagudo,2011,3,TRATAMIENTOS INICIADOS CON ESQUEMA LLL CANTIDAD / MASCULINO,3
Santa Cruz,71001,Montero,2011,3,TRATAMIENTOS INICIADOS CON ESQUEMA LLL CANTIDAD / MASCULINO,1
Cochabamba,31203,Pocona,2011,3,TRATAMIENTOS INICIADOS CON ESQUEMA LLL CANTIDAD / MASCULINO,1
Cochabamba,31001,Sacaba,2011,3,TRATAMIENTOS INICIADOS CON ESQUEMA LLL CANTIDAD / MASCULINO,0
Chuquisaca,10702,San Lucas,2011,3,TRATAMIENTOS INICIADOS CON ESQUEMA LLL CANTIDAD / MASCULINO,1
Santa Cruz,70101,Santa Cruz De La Sierra,2011,3,TRATAMIENTOS INICIADOS CON ESQUEMA LLL CANTIDAD / MASCULINO,5
Chuquisaca,10101,Sucre,2011,3,TRATAMIENTOS INICIADOS CON ESQUEMA LLL CANTIDAD / MASCULINO,0
Cochabamba,31601,Tiraque (cbba),2011,3,TRATAMIENTOS INICIADOS CON ESQUEMA LLL CANTIDAD / MASCULINO,1
Santa Cruz,70403,Yapacani,2011,3,TRATAMIENTOS INICIADOS CON ESQUEMA LLL CANTIDAD / MASCULINO,0
Santa Cruz,71501,Ascencion De Guarayos,2011,4,TRATAMIENTOS INICIADOS CON ESQUEMA LLL CANTIDAD / MASCULINO,2
Cochabamba,30801,Cliza,2011,4,TRATAMIENTOS INICIADOS CON ESQUEMA LLL CANTIDAD / MASCULINO,1
Cochabamba,30101,Cochabamba,2011,4,TRATAMIENTOS INICIADOS CON ESQUEMA LLL CANTIDAD / MASCULINO,1
Chuquisaca,10501,Monteagudo,2011,4,TRATAMIENTOS INICIADOS CON ESQUEMA LLL CANTIDAD / MASCULINO,0
Cochabamba,31001,Sacaba,2011,4,TRATAMIENTOS INICIADOS CON ESQUEMA LLL CANTIDAD / MASCULINO,1
Santa Cruz,70101,Santa Cruz De La Sierra,2011,4,TRATAMIENTOS INICIADOS CON ESQUEMA LLL CANTIDAD / MASCULINO,0
Chuquisaca,10101,Sucre,2011,4,TRATAMIENTOS INICIADOS CON ESQUEMA LLL CANTIDAD / MASCULINO,2
Beni,80101,Trinidad,2011,4,TRATAMIENTOS INICIADOS CON ESQUEMA LLL CANTIDAD / MASCULINO,2
Chuquisaca,11001,Villa Vaca Guzman (muyupampa),2011,4,TRATAMIENTOS INICIADOS CON ESQUEMA LLL CANTIDAD / MASCULINO,0
Tarija,60301,Yacuiba,2011,4,TRATAMIENTOS INICIADOS CON ESQUEMA LLL CANTIDAD / MASCULINO,0
La Paz,22001,Caranavi,2011,5,TRATAMIENTOS INICIADOS CON ESQUEMA LLL CANTIDAD / MASCULINO,1
Cochabamba,30101,Cochabamba,2011,5,TRATAMIENTOS INICIADOS CON ESQUEMA LLL CANTIDAD / MASCULINO,1
La Paz,20105,El Alto,2011,5,TRATAMIENTOS INICIADOS CON ESQUEMA LLL CANTIDAD / MASCULINO,2
La Paz,20101,La Paz,2011,5,TRATAMIENTOS INICIADOS CON ESQUEMA LLL CANTIDAD / MASCULINO,1
Cochabamba,31001,Sacaba,2011,5,TRATAMIENTOS INICIADOS CON ESQUEMA LLL CANTIDAD / MASCULINO,1
Beni,80302,San Borja,2011,5,TRATAMIENTOS INICIADOS CON ESQUEMA LLL CANTIDAD / MASCULINO,0
Santa Cruz,70101,Santa Cruz De La Sierra,2011,5,TRATAMIENTOS INICIADOS CON ESQUEMA LLL CANTIDAD / MASCULINO,2
Chuquisaca,10101,Sucre,2011,5,TRATAMIENTOS INICIADOS CON ESQUEMA LLL CANTIDAD / MASCULINO,1
Tarija,60101,Tarija,2011,5,TRATAMIENTOS INICIADOS CON ESQUEMA LLL CANTIDAD / MASCULINO,0
Cochabamba,30903,Tiquipaya,2011,5,TRATAMIENTOS INICIADOS CON ESQUEMA LLL CANTIDAD / MASCULINO,0
Cochabamba,31003,Villa Tunari,2011,5,TRATAMIENTOS INICIADOS CON ESQUEMA LLL CANTIDAD / MASCULINO,2
Tarija,60301,Yacuiba,2011,5,TRATAMIENTOS INICIADOS CON ESQUEMA LLL CANTIDAD / MASCULINO,0
La Paz,22001,Caranavi,2011,6,TRATAMIENTOS INICIADOS CON ESQUEMA LLL CANTIDAD / MASCULINO,0
Cochabamba,30101,Cochabamba,2011,6,TRATAMIENTOS INICIADOS CON ESQUEMA LLL CANTIDAD / MASCULINO,1
La Paz,21402,Coripata,2011,6,TRATAMIENTOS INICIADOS CON ESQUEMA LLL CANTIDAD / MASCULINO,1
La Paz,20405,Escoma,2011,6,TRATAMIENTOS INICIADOS CON ESQUEMA LLL CANTIDAD / MASCULINO,1
La Paz,21105,La Asunta,2011,6,TRATAMIENTOS INICIADOS CON ESQUEMA LLL CANTIDAD / MASCULINO,0
Santa Cruz,70104,La Guardia,2011,6,TRATAMIENTOS INICIADOS CON ESQUEMA LLL CANTIDAD / MASCULINO,0
La Paz,20101,La Paz,2011,6,TRATAMIENTOS INICIADOS CON ESQUEMA LLL CANTIDAD / MASCULINO,3
Chuquisaca,10501,Monteagudo,2011,6,TRATAMIENTOS INICIADOS CON ESQUEMA LLL CANTIDAD / MASCULINO,0
La Paz,21104,Palos Blancos,2011,6,TRATAMIENTOS INICIADOS CON ESQUEMA LLL CANTIDAD / MASCULINO,0
Cochabamba,30901,Quillacollo,2011,6,TRATAMIENTOS INICIADOS CON ESQUEMA LLL CANTIDAD / MASCULINO,2
Santa Cruz,70301,San Ignacio De Velasco,2011,6,TRATAMIENTOS INICIADOS CON ESQUEMA LLL CANTIDAD / MASCULINO,0
Santa Cruz,70101,Santa Cruz De La Sierra,2011,6,TRATAMIENTOS INICIADOS CON ESQUEMA LLL CANTIDAD / MASCULINO,0
Chuquisaca,10101,Sucre,2011,6,TRATAMIENTOS INICIADOS CON ESQUEMA LLL CANTIDAD / MASCULINO,2
Chuquisaca,10704,Villa Charcas,2011,6,TRATAMIENTOS INICIADOS CON ESQUEMA LLL CANTIDAD / MASCULINO,1
Cochabamba,31003,Villa Tunari,2011,6,TRATAMIENTOS INICIADOS CON ESQUEMA LLL CANTIDAD / MASCULINO,0
La Paz,20105,El Alto,2011,7,TRATAMIENTOS INICIADOS CON ESQUEMA LLL CANTIDAD / MASCULINO,2
Chuquisaca,10501,Monteagudo,2011,7,TRATAMIENTOS INICIADOS CON ESQUEMA LLL CANTIDAD / MASCULINO,0
Oruro,40101,Oruro,2011,7,TRATAMIENTOS INICIADOS CON ESQUEMA LLL CANTIDAD / MASCULINO,0
Santa Cruz,70402,San Carlos,2011,7,TRATAMIENTOS INICIADOS CON ESQUEMA LLL CANTIDAD / MASCULINO,1
Santa Cruz,70101,Santa Cruz De La Sierra,2011,7,TRATAMIENTOS INICIADOS CON ESQUEMA LLL CANTIDAD / MASCULINO,1
Chuquisaca,10101,Sucre,2011,7,TRATAMIENTOS INICIADOS CON ESQUEMA LLL CANTIDAD / MASCULINO,1
La Paz,20801,Viacha,2011,7,TRATAMIENTOS INICIADOS CON ESQUEMA LLL CANTIDAD / MASCULINO,1
Cochabamba,31003,Villa Tunari,2011,7,TRATAMIENTOS INICIADOS CON ESQUEMA LLL CANTIDAD / MASCULINO,0
La Paz,22001,Caranavi,2011,8,TRATAMIENTOS INICIADOS CON ESQUEMA LLL CANTIDAD / MASCULINO,1
La Paz,20105,El Alto,2011,8,TRATAMIENTOS INICIADOS CON ESQUEMA LLL CANTIDAD / MASCULINO,0
La Paz,20101,La Paz,2011,8,TRATAMIENTOS INICIADOS CON ESQUEMA LLL CANTIDAD / MASCULINO,1
Chuquisaca,10501,Monteagudo,2011,8,TRATAMIENTOS INICIADOS CON ESQUEMA LLL CANTIDAD / MASCULINO,0
Cochabamba,31001,Sacaba,2011,8,TRATAMIENTOS INICIADOS CON ESQUEMA LLL CANTIDAD / MASCULINO,1
Santa Cruz,70101,Santa Cruz De La Sierra,2011,8,TRATAMIENTOS INICIADOS CON ESQUEMA LLL CANTIDAD / MASCULINO,0
Tarija,60101,Tarija,2011,8,TRATAMIENTOS INICIADOS CON ESQUEMA LLL CANTIDAD / MASCULINO,1
Beni,80101,Trinidad,2011,8,TRATAMIENTOS INICIADOS CON ESQUEMA LLL CANTIDAD / MASCULINO,1
Cochabamba,31003,Villa Tunari,2011,8,TRATAMIENTOS INICIADOS CON ESQUEMA LLL CANTIDAD / MASCULINO,2
Cochabamba,30904,Vinto,2011,8,TRATAMIENTOS INICIADOS CON ESQUEMA LLL CANTIDAD / MASCULINO,1
Tarija,60301,Yacuiba,2011,8,TRATAMIENTOS INICIADOS CON ESQUEMA LLL CANTIDAD / MASCULINO,1
Cochabamba,30101,Cochabamba,2011,9,TRATAMIENTOS INICIADOS CON ESQUEMA LLL CANTIDAD / MASCULINO,2
Santa Cruz,70102,Cotoca,2011,9,TRATAMIENTOS INICIADOS CON ESQUEMA LLL CANTIDAD / MASCULINO,1
Santa Cruz,71002,General Saavedra,2011,9,TRATAMIENTOS INICIADOS CON ESQUEMA LLL CANTIDAD / MASCULINO,0
La Paz,21105,La Asunta,2011,9,TRATAMIENTOS INICIADOS CON ESQUEMA LLL CANTIDAD / MASCULINO,1
Santa Cruz,70104,La Guardia,2011,9,TRATAMIENTOS INICIADOS CON ESQUEMA LLL CANTIDAD / MASCULINO,1
Potosí,50101,Potosi,2011,9,TRATAMIENTOS INICIADOS CON ESQUEMA LLL CANTIDAD / MASCULINO,1
Cochabamba,31205,Puerto Villarroel,2011,9,TRATAMIENTOS INICIADOS CON ESQUEMA LLL CANTIDAD / MASCULINO,0
Cochabamba,30901,Quillacollo,2011,9,TRATAMIENTOS INICIADOS CON ESQUEMA LLL CANTIDAD / MASCULINO,1
Cochabamba,31001,Sacaba,2011,9,TRATAMIENTOS INICIADOS CON ESQUEMA LLL CANTIDAD / MASCULINO,1
Santa Cruz,70101,Santa Cruz De La Sierra,2011,9,TRATAMIENTOS INICIADOS CON ESQUEMA LLL CANTIDAD / MASCULINO,4
Cochabamba,31602,Shinaota,2011,9,TRATAMIENTOS INICIADOS CON ESQUEMA LLL CANTIDAD / MASCULINO,1
Chuquisaca,10101,Sucre,2011,9,TRATAMIENTOS INICIADOS CON ESQUEMA LLL CANTIDAD / MASCULINO,0
Tarija,60101,Tarija,2011,9,TRATAMIENTOS INICIADOS CON ESQUEMA LLL CANTIDAD / MASCULINO,1
Santa Cruz,70403,Yapacani,2011,9,TRATAMIENTOS INICIADOS CON ESQUEMA LLL CANTIDAD / MASCULINO,1
Santa Cruz,70703,Cabezas,2011,10,TRATAMIENTOS INICIADOS CON ESQUEMA LLL CANTIDAD / MASCULINO,6
Cochabamba,30101,Cochabamba,2011,10,TRATAMIENTOS INICIADOS CON ESQUEMA LLL CANTIDAD / MASCULINO,1
Cochabamba,31002,Colomi,2011,10,TRATAMIENTOS INICIADOS CON ESQUEMA LLL CANTIDAD / MASCULINO,0
La Paz,20105,El Alto,2011,10,TRATAMIENTOS INICIADOS CON ESQUEMA LLL CANTIDAD / MASCULINO,0
La Paz,20101,La Paz,2011,10,TRATAMIENTOS INICIADOS CON ESQUEMA LLL CANTIDAD / MASCULINO,1
Santa Cruz,71003,Mineros,2011,10,TRATAMIENTOS INICIADOS CON ESQUEMA LLL CANTIDAD / MASCULINO,1
Chuquisaca,10501,Monteagudo,2011,10,TRATAMIENTOS INICIADOS CON ESQUEMA LLL CANTIDAD / MASCULINO,1
Santa Cruz,71001,Montero,2011,10,TRATAMIENTOS INICIADOS CON ESQUEMA LLL CANTIDAD / MASCULINO,1
Cochabamba,31205,Puerto Villarroel,2011,10,TRATAMIENTOS INICIADOS CON ESQUEMA LLL CANTIDAD / MASCULINO,0
Santa Cruz,70301,San Ignacio De Velasco,2011,10,TRATAMIENTOS INICIADOS CON ESQUEMA LLL CANTIDAD / MASCULINO,0
Santa Cruz,70101,Santa Cruz De La Sierra,2011,10,TRATAMIENTOS INICIADOS CON ESQUEMA LLL CANTIDAD / MASCULINO,1
Chuquisaca,10101,Sucre,2011,10,TRATAMIENTOS INICIADOS CON ESQUEMA LLL CANTIDAD / MASCULINO,5
Beni,80101,Trinidad,2011,10,TRATAMIENTOS INICIADOS CON ESQUEMA LLL CANTIDAD / MASCULINO,0
Santa Cruz,70201,Warnes,2011,10,TRATAMIENTOS INICIADOS CON ESQUEMA LLL CANTIDAD / MASCULINO,1
Santa Cruz,70403,Yapacani,2011,10,TRATAMIENTOS INICIADOS CON ESQUEMA LLL CANTIDAD / MASCULINO,1
Cochabamba,31501,Bolivar,2011,11,TRATAMIENTOS INICIADOS CON ESQUEMA LLL CANTIDAD / MASCULINO,2
La Paz,22001,Caranavi,2011,11,TRATAMIENTOS INICIADOS CON ESQUEMA LLL CANTIDAD / MASCULINO,0
Cochabamba,30101,Cochabamba,2011,11,TRATAMIENTOS INICIADOS CON ESQUEMA LLL CANTIDAD / MASCULINO,1
La Paz,20105,El Alto,2011,11,TRATAMIENTOS INICIADOS CON ESQUEMA LLL CANTIDAD / MASCULINO,1
La Paz,20101,La Paz,2011,11,TRATAMIENTOS INICIADOS CON ESQUEMA LLL CANTIDAD / MASCULINO,1
Santa Cruz,71003,Mineros,2011,11,TRATAMIENTOS INICIADOS CON ESQUEMA LLL CANTIDAD / MASCULINO,0
Santa Cruz,71001,Montero,2011,11,TRATAMIENTOS INICIADOS CON ESQUEMA LLL CANTIDAD / MASCULINO,1
Oruro,40101,Oruro,2011,11,TRATAMIENTOS INICIADOS CON ESQUEMA LLL CANTIDAD / MASCULINO,1
La Paz,21201,Pucarani,2011,11,TRATAMIENTOS INICIADOS CON ESQUEMA LLL CANTIDAD / MASCULINO,0
Cochabamba,30901,Quillacollo,2011,11,TRATAMIENTOS INICIADOS CON ESQUEMA LLL CANTIDAD / MASCULINO,1
Beni,80201,Riberalta,2011,11,TRATAMIENTOS INICIADOS CON ESQUEMA LLL CANTIDAD / MASCULINO,2
Cochabamba,31001,Sacaba,2011,11,TRATAMIENTOS INICIADOS CON ESQUEMA LLL CANTIDAD / MASCULINO,1
Santa Cruz,70101,Santa Cruz De La Sierra,2011,11,TRATAMIENTOS INICIADOS CON ESQUEMA LLL CANTIDAD / MASCULINO,2
Chuquisaca,10101,Sucre,2011,11,TRATAMIENTOS INICIADOS CON ESQUEMA LLL CANTIDAD / MASCULINO,2
Cochabamba,31003,Villa Tunari,2011,11,TRATAMIENTOS INICIADOS CON ESQUEMA LLL CANTIDAD / MASCULINO,0
Santa Cruz,70201,Warnes,2011,11,TRATAMIENTOS INICIADOS CON ESQUEMA LLL CANTIDAD / MASCULINO,0
Cochabamba,31501,Bolivar,2011,12,TRATAMIENTOS INICIADOS CON ESQUEMA LLL CANTIDAD / MASCULINO,1
Cochabamba,30701,Capinota,2011,12,TRATAMIENTOS INICIADOS CON ESQUEMA LLL CANTIDAD / MASCULINO,0
Cochabamba,31204,Chimore,2011,12,TRATAMIENTOS INICIADOS CON ESQUEMA LLL CANTIDAD / MASCULINO,1
La Paz,21101,Chulumani (v. De La Libertad),2011,12,TRATAMIENTOS INICIADOS CON ESQUEMA LLL CANTIDAD / MASCULINO,1
Cochabamba,30101,Cochabamba,2011,12,TRATAMIENTOS INICIADOS CON ESQUEMA LLL CANTIDAD / MASCULINO,0
Cochabamba,30905,Colcapirhua,2011,12,TRATAMIENTOS INICIADOS CON ESQUEMA LLL CANTIDAD / MASCULINO,1
La Paz,20105,El Alto,2011,12,TRATAMIENTOS INICIADOS CON ESQUEMA LLL CANTIDAD / MASCULINO,1
La Paz,20602,Guanay,2011,12,TRATAMIENTOS INICIADOS CON ESQUEMA LLL CANTIDAD / MASCULINO,1
La Paz,21102,Irupana (villa De Lanza),2011,12,TRATAMIENTOS INICIADOS CON ESQUEMA LLL CANTIDAD / MASCULINO,1
La Paz,20101,La Paz,2011,12,TRATAMIENTOS INICIADOS CON ESQUEMA LLL CANTIDAD / MASCULINO,13
La Paz,21104,Palos Blancos,2011,12,TRATAMIENTOS INICIADOS CON ESQUEMA LLL CANTIDAD / MASCULINO,0
Cochabamba,31205,Puerto Villarroel,2011,12,TRATAMIENTOS INICIADOS CON ESQUEMA LLL CANTIDAD / MASCULINO,0
Cochabamba,31001,Sacaba,2011,12,TRATAMIENTOS INICIADOS CON ESQUEMA LLL CANTIDAD / MASCULINO,0
Santa Cruz,70101,Santa Cruz De La Sierra,2011,12,TRATAMIENTOS INICIADOS CON ESQUEMA LLL CANTIDAD / MASCULINO,5
Chuquisaca,10101,Sucre,2011,12,TRATAMIENTOS INICIADOS CON ESQUEMA LLL CANTIDAD / MASCULINO,1
Tarija,60101,Tarija,2011,12,TRATAMIENTOS INICIADOS CON ESQUEMA LLL CANTIDAD / MASCULINO,0
Cochabamba,30904,Vinto,2011,12,TRATAMIENTOS INICIADOS CON ESQUEMA LLL CANTIDAD / MASCULINO,1
La Paz,22001,Caranavi,2011,1,TRATAMIENTOS INICIADOS CON ESQUEMA LLL CANTIDAD / FEMENINO,0
Cochabamba,31204,Chimore,2011,1,TRATAMIENTOS INICIADOS CON ESQUEMA LLL CANTIDAD / FEMENINO,0
Pando,90101,Cobija,2011,1,TRATAMIENTOS INICIADOS CON ESQUEMA LLL CANTIDAD / FEMENINO,1
La Paz,21004,Colquiri,2011,1,TRATAMIENTOS INICIADOS CON ESQUEMA LLL CANTIDAD / FEMENINO,1
Beni,80202,Guayaramerin,2011,1,TRATAMIENTOS INICIADOS CON ESQUEMA LLL CANTIDAD / FEMENINO,0
La Paz,20101,La Paz,2011,1,TRATAMIENTOS INICIADOS CON ESQUEMA LLL CANTIDAD / FEMENINO,1
Santa Cruz,71001,Montero,2011,1,TRATAMIENTOS INICIADOS CON ESQUEMA LLL CANTIDAD / FEMENINO,1
Chuquisaca,10401,Padilla,2011,1,TRATAMIENTOS INICIADOS CON ESQUEMA LLL CANTIDAD / FEMENINO,1
La Paz,21104,Palos Blancos,2011,1,TRATAMIENTOS INICIADOS CON ESQUEMA LLL CANTIDAD / FEMENINO,1
Potosí,50101,Potosi,2011,1,TRATAMIENTOS INICIADOS CON ESQUEMA LLL CANTIDAD / FEMENINO,0
Cochabamba,31205,Puerto Villarroel,2011,1,TRATAMIENTOS INICIADOS CON ESQUEMA LLL CANTIDAD / FEMENINO,1
Cochabamba,30901,Quillacollo,2011,1,TRATAMIENTOS INICIADOS CON ESQUEMA LLL CANTIDAD / FEMENINO,1
Cochabamba,31001,Sacaba,2011,1,TRATAMIENTOS INICIADOS CON ESQUEMA LLL CANTIDAD / FEMENINO,1
Santa Cruz,71102,San Javier(stc),2011,1,TRATAMIENTOS INICIADOS CON ESQUEMA LLL CANTIDAD / FEMENINO,0
Santa Cruz,70101,Santa Cruz De La Sierra,2011,1,TRATAMIENTOS INICIADOS CON ESQUEMA LLL CANTIDAD / FEMENINO,1
Chuquisaca,10101,Sucre,2011,1,TRATAMIENTOS INICIADOS CON ESQUEMA LLL CANTIDAD / FEMENINO,1
Cochabamba,30903,Tiquipaya,2011,1,TRATAMIENTOS INICIADOS CON ESQUEMA LLL CANTIDAD / FEMENINO,0
La Paz,20801,Viacha,2011,1,TRATAMIENTOS INICIADOS CON ESQUEMA LLL CANTIDAD / FEMENINO,1
Chuquisaca,11001,Villa Vaca Guzman (muyupampa),2011,1,TRATAMIENTOS INICIADOS CON ESQUEMA LLL CANTIDAD / FEMENINO,0
Tarija,60301,Yacuiba,2011,1,TRATAMIENTOS INICIADOS CON ESQUEMA LLL CANTIDAD / FEMENINO,3
Santa Cruz,71501,Ascencion De Guarayos,2011,2,TRATAMIENTOS INICIADOS CON ESQUEMA LLL CANTIDAD / FEMENINO,1
La Paz,21101,Chulumani (v. De La Libertad),2011,2,TRATAMIENTOS INICIADOS CON ESQUEMA LLL CANTIDAD / FEMENINO,0
Cochabamba,30101,Cochabamba,2011,2,TRATAMIENTOS INICIADOS CON ESQUEMA LLL CANTIDAD / FEMENINO,0
Santa Cruz,70102,Cotoca,2011,2,TRATAMIENTOS INICIADOS CON ESQUEMA LLL CANTIDAD / FEMENINO,0
La Paz,20105,El Alto,2011,2,TRATAMIENTOS INICIADOS CON ESQUEMA LLL CANTIDAD / FEMENINO,1
Cochabamba,31206,Entre Rios Cbba,2011,2,TRATAMIENTOS INICIADOS CON ESQUEMA LLL CANTIDAD / FEMENINO,0
La Paz,20101,La Paz,2011,2,TRATAMIENTOS INICIADOS CON ESQUEMA LLL CANTIDAD / FEMENINO,1
Chuquisaca,10501,Monteagudo,2011,2,TRATAMIENTOS INICIADOS CON ESQUEMA LLL CANTIDAD / FEMENINO,0
Cochabamba,31205,Puerto Villarroel,2011,2,TRATAMIENTOS INICIADOS CON ESQUEMA LLL CANTIDAD / FEMENINO,1
Santa Cruz,71104,San Julian,2011,2,TRATAMIENTOS INICIADOS CON ESQUEMA LLL CANTIDAD / FEMENINO,0
Santa Cruz,70101,Santa Cruz De La Sierra,2011,2,TRATAMIENTOS INICIADOS CON ESQUEMA LLL CANTIDAD / FEMENINO,2
Cochabamba,31602,Shinaota,2011,2,TRATAMIENTOS INICIADOS CON ESQUEMA LLL CANTIDAD / FEMENINO,1
Chuquisaca,10101,Sucre,2011,2,TRATAMIENTOS INICIADOS CON ESQUEMA LLL CANTIDAD / FEMENINO,2
La Paz,20606,Tipuani,2011,2,TRATAMIENTOS INICIADOS CON ESQUEMA LLL CANTIDAD / FEMENINO,1
Santa Cruz,70201,Warnes,2011,2,TRATAMIENTOS INICIADOS CON ESQUEMA LLL CANTIDAD / FEMENINO,0
Tarija,60301,Yacuiba,2011,2,TRATAMIENTOS INICIADOS CON ESQUEMA LLL CANTIDAD / FEMENINO,0
Santa Cruz,70403,Yapacani,2011,2,TRATAMIENTOS INICIADOS CON ESQUEMA LLL CANTIDAD / FEMENINO,1
Santa Cruz,70706,Camiri,2011,3,TRATAMIENTOS INICIADOS CON ESQUEMA LLL CANTIDAD / FEMENINO,0
La Paz,20105,El Alto,2011,3,TRATAMIENTOS INICIADOS CON ESQUEMA LLL CANTIDAD / FEMENINO,1
La Paz,21105,La Asunta,2011,3,TRATAMIENTOS INICIADOS CON ESQUEMA LLL CANTIDAD / FEMENINO,0
Santa Cruz,70104,La Guardia,2011,3,TRATAMIENTOS INICIADOS CON ESQUEMA LLL CANTIDAD / FEMENINO,1
La Paz,20101,La Paz,2011,3,TRATAMIENTOS INICIADOS CON ESQUEMA LLL CANTIDAD / FEMENINO,1
Chuquisaca,10501,Monteagudo,2011,3,TRATAMIENTOS INICIADOS CON ESQUEMA LLL CANTIDAD / FEMENINO,0
Santa Cruz,71001,Montero,2011,3,TRATAMIENTOS INICIADOS CON ESQUEMA LLL CANTIDAD / FEMENINO,0
Cochabamba,31203,Pocona,2011,3,TRATAMIENTOS INICIADOS CON ESQUEMA LLL CANTIDAD / FEMENINO,0
Cochabamba,31001,Sacaba,2011,3,TRATAMIENTOS INICIADOS CON ESQUEMA LLL CANTIDAD / FEMENINO,1
Chuquisaca,10702,San Lucas,2011,3,TRATAMIENTOS INICIADOS CON ESQUEMA LLL CANTIDAD / FEMENINO,0
Santa Cruz,70101,Santa Cruz De La Sierra,2011,3,TRATAMIENTOS INICIADOS CON ESQUEMA LLL CANTIDAD / FEMENINO,3
Chuquisaca,10101,Sucre,2011,3,TRATAMIENTOS INICIADOS CON ESQUEMA LLL CANTIDAD / FEMENINO,1
Cochabamba,31601,Tiraque (cbba),2011,3,TRATAMIENTOS INICIADOS CON ESQUEMA LLL CANTIDAD / FEMENINO,0
Santa Cruz,70403,Yapacani,2011,3,TRATAMIENTOS INICIADOS CON ESQUEMA LLL CANTIDAD / FEMENINO,1
Santa Cruz,71501,Ascencion De Guarayos,2011,4,TRATAMIENTOS INICIADOS CON ESQUEMA LLL CANTIDAD / FEMENINO,0
Cochabamba,30801,Cliza,2011,4,TRATAMIENTOS INICIADOS CON ESQUEMA LLL CANTIDAD / FEMENINO,0
Cochabamba,30101,Cochabamba,2011,4,TRATAMIENTOS INICIADOS CON ESQUEMA LLL CANTIDAD / FEMENINO,0
Chuquisaca,10501,Monteagudo,2011,4,TRATAMIENTOS INICIADOS CON ESQUEMA LLL CANTIDAD / FEMENINO,1
Cochabamba,31001,Sacaba,2011,4,TRATAMIENTOS INICIADOS CON ESQUEMA LLL CANTIDAD / FEMENINO,1
Santa Cruz,70101,Santa Cruz De La Sierra,2011,4,TRATAMIENTOS INICIADOS CON ESQUEMA LLL CANTIDAD / FEMENINO,0
Chuquisaca,10101,Sucre,2011,4,TRATAMIENTOS INICIADOS CON ESQUEMA LLL CANTIDAD / FEMENINO,2
Beni,80101,Trinidad,2011,4,TRATAMIENTOS INICIADOS CON ESQUEMA LLL CANTIDAD / FEMENINO,0
Chuquisaca,11001,Villa Vaca Guzman (muyupampa),2011,4,TRATAMIENTOS INICIADOS CON ESQUEMA LLL CANTIDAD / FEMENINO,1
Tarija,60301,Yacuiba,2011,4,TRATAMIENTOS INICIADOS CON ESQUEMA LLL CANTIDAD / FEMENINO,1
La Paz,22001,Caranavi,2011,5,TRATAMIENTOS INICIADOS CON ESQUEMA LLL CANTIDAD / FEMENINO,0
Cochabamba,30101,Cochabamba,2011,5,TRATAMIENTOS INICIADOS CON ESQUEMA LLL CANTIDAD / FEMENINO,1
La Paz,20105,El Alto,2011,5,TRATAMIENTOS INICIADOS CON ESQUEMA LLL CANTIDAD / FEMENINO,0
La Paz,20101,La Paz,2011,5,TRATAMIENTOS INICIADOS CON ESQUEMA LLL CANTIDAD / FEMENINO,1
Cochabamba,31001,Sacaba,2011,5,TRATAMIENTOS INICIADOS CON ESQUEMA LLL CANTIDAD / FEMENINO,1
Beni,80302,San Borja,2011,5,TRATAMIENTOS INICIADOS CON ESQUEMA LLL CANTIDAD / FEMENINO,1
Santa Cruz,70101,Santa Cruz De La Sierra,2011,5,TRATAMIENTOS INICIADOS CON ESQUEMA LLL CANTIDAD / FEMENINO,4
Chuquisaca,10101,Sucre,2011,5,TRATAMIENTOS INICIADOS CON ESQUEMA LLL CANTIDAD / FEMENINO,2
Tarija,60101,Tarija,2011,5,TRATAMIENTOS INICIADOS CON ESQUEMA LLL CANTIDAD / FEMENINO,1
Cochabamba,30903,Tiquipaya,2011,5,TRATAMIENTOS INICIADOS CON ESQUEMA LLL CANTIDAD / FEMENINO,1
Cochabamba,31003,Villa Tunari,2011,5,TRATAMIENTOS INICIADOS CON ESQUEMA LLL CANTIDAD / FEMENINO,0
Tarija,60301,Yacuiba,2011,5,TRATAMIENTOS INICIADOS CON ESQUEMA LLL CANTIDAD / FEMENINO,1
La Paz,22001,Caranavi,2011,6,TRATAMIENTOS INICIADOS CON ESQUEMA LLL CANTIDAD / FEMENINO,2
Cochabamba,30101,Cochabamba,2011,6,TRATAMIENTOS INICIADOS CON ESQUEMA LLL CANTIDAD / FEMENINO,0
La Paz,21402,Coripata,2011,6,TRATAMIENTOS INICIADOS CON ESQUEMA LLL CANTIDAD / FEMENINO,0
La Paz,20405,Escoma,2011,6,TRATAMIENTOS INICIADOS CON ESQUEMA LLL CANTIDAD / FEMENINO,0
La Paz,21105,La Asunta,2011,6,TRATAMIENTOS INICIADOS CON ESQUEMA LLL CANTIDAD / FEMENINO,2
Santa Cruz,70104,La Guardia,2011,6,TRATAMIENTOS INICIADOS CON ESQUEMA LLL CANTIDAD / FEMENINO,1
La Paz,20101,La Paz,2011,6,TRATAMIENTOS INICIADOS CON ESQUEMA LLL CANTIDAD / FEMENINO,1
Chuquisaca,10501,Monteagudo,2011,6,TRATAMIENTOS INICIADOS CON ESQUEMA LLL CANTIDAD / FEMENINO,1
La Paz,21104,Palos Blancos,2011,6,TRATAMIENTOS INICIADOS CON ESQUEMA LLL CANTIDAD / FEMENINO,1
Cochabamba,30901,Quillacollo,2011,6,TRATAMIENTOS INICIADOS CON ESQUEMA LLL CANTIDAD / FEMENINO,1
Santa Cruz,70301,San Ignacio De Velasco,2011,6,TRATAMIENTOS INICIADOS CON ESQUEMA LLL CANTIDAD / FEMENINO,1
Santa Cruz,70101,Santa Cruz De La Sierra,2011,6,TRATAMIENTOS INICIADOS CON ESQUEMA LLL CANTIDAD / FEMENINO,4
Chuquisaca,10101,Sucre,2011,6,TRATAMIENTOS INICIADOS CON ESQUEMA LLL CANTIDAD / FEMENINO,1
Chuquisaca,10704,Villa Charcas,2011,6,TRATAMIENTOS INICIADOS CON ESQUEMA LLL CANTIDAD / FEMENINO,0
Cochabamba,31003,Villa Tunari,2011,6,TRATAMIENTOS INICIADOS CON ESQUEMA LLL CANTIDAD / FEMENINO,1
La Paz,20105,El Alto,2011,7,TRATAMIENTOS INICIADOS CON ESQUEMA LLL CANTIDAD / FEMENINO,0
Chuquisaca,10501,Monteagudo,2011,7,TRATAMIENTOS INICIADOS CON ESQUEMA LLL CANTIDAD / FEMENINO,1
Oruro,40101,Oruro,2011,7,TRATAMIENTOS INICIADOS CON ESQUEMA LLL CANTIDAD / FEMENINO,2
Santa Cruz,70402,San Carlos,2011,7,TRATAMIENTOS INICIADOS CON ESQUEMA LLL CANTIDAD / FEMENINO,0
Santa Cruz,70101,Santa Cruz De La Sierra,2011,7,TRATAMIENTOS INICIADOS CON ESQUEMA LLL CANTIDAD / FEMENINO,0
Chuquisaca,10101,Sucre,2011,7,TRATAMIENTOS INICIADOS CON ESQUEMA LLL CANTIDAD / FEMENINO,1
La Paz,20801,Viacha,2011,7,TRATAMIENTOS INICIADOS CON ESQUEMA LLL CANTIDAD / FEMENINO,1
Cochabamba,31003,Villa Tunari,2011,7,TRATAMIENTOS INICIADOS CON ESQUEMA LLL CANTIDAD / FEMENINO,1
La Paz,22001,Caranavi,2011,8,TRATAMIENTOS INICIADOS CON ESQUEMA LLL CANTIDAD / FEMENINO,0
La Paz,20105,El Alto,2011,8,TRATAMIENTOS INICIADOS CON ESQUEMA LLL CANTIDAD / FEMENINO,1
La Paz,20101,La Paz,2011,8,TRATAMIENTOS INICIADOS CON ESQUEMA LLL CANTIDAD / FEMENINO,1
Chuquisaca,10501,Monteagudo,2011,8,TRATAMIENTOS INICIADOS CON ESQUEMA LLL CANTIDAD / FEMENINO,1
Cochabamba,31001,Sacaba,2011,8,TRATAMIENTOS INICIADOS CON ESQUEMA LLL CANTIDAD / FEMENINO,1
Santa Cruz,70101,Santa Cruz De La Sierra,2011,8,TRATAMIENTOS INICIADOS CON ESQUEMA LLL CANTIDAD / FEMENINO,2
Tarija,60101,Tarija,2011,8,TRATAMIENTOS INICIADOS CON ESQUEMA LLL CANTIDAD / FEMENINO,1
Beni,80101,Trinidad,2011,8,TRATAMIENTOS INICIADOS CON ESQUEMA LLL CANTIDAD / FEMENINO,0
Cochabamba,31003,Villa Tunari,2011,8,TRATAMIENTOS INICIADOS CON ESQUEMA LLL CANTIDAD / FEMENINO,0
Cochabamba,30904,Vinto,2011,8,TRATAMIENTOS INICIADOS CON ESQUEMA LLL CANTIDAD / FEMENINO,0
Tarija,60301,Yacuiba,2011,8,TRATAMIENTOS INICIADOS CON ESQUEMA LLL CANTIDAD / FEMENINO,0
Cochabamba,30101,Cochabamba,2011,9,TRATAMIENTOS INICIADOS CON ESQUEMA LLL CANTIDAD / FEMENINO,1
Santa Cruz,70102,Cotoca,2011,9,TRATAMIENTOS INICIADOS CON ESQUEMA LLL CANTIDAD / FEMENINO,0
Santa Cruz,71002,General Saavedra,2011,9,TRATAMIENTOS INICIADOS CON ESQUEMA LLL CANTIDAD / FEMENINO,1
La Paz,21105,La Asunta,2011,9,TRATAMIENTOS INICIADOS CON ESQUEMA LLL CANTIDAD / FEMENINO,0
Santa Cruz,70104,La Guardia,2011,9,TRATAMIENTOS INICIADOS CON ESQUEMA LLL CANTIDAD / FEMENINO,0
Potosí,50101,Potosi,2011,9,TRATAMIENTOS INICIADOS CON ESQUEMA LLL CANTIDAD / FEMENINO,0
Cochabamba,31205,Puerto Villarroel,2011,9,TRATAMIENTOS INICIADOS CON ESQUEMA LLL CANTIDAD / FEMENINO,1
Cochabamba,30901,Quillacollo,2011,9,TRATAMIENTOS INICIADOS CON ESQUEMA LLL CANTIDAD / FEMENINO,0
Cochabamba,31001,Sacaba,2011,9,TRATAMIENTOS INICIADOS CON ESQUEMA LLL CANTIDAD / FEMENINO,1
Santa Cruz,70101,Santa Cruz De La Sierra,2011,9,TRATAMIENTOS INICIADOS CON ESQUEMA LLL CANTIDAD / FEMENINO,0
Cochabamba,31602,Shinaota,2011,9,TRATAMIENTOS INICIADOS CON ESQUEMA LLL CANTIDAD / FEMENINO,0
Chuquisaca,10101,Sucre,2011,9,TRATAMIENTOS INICIADOS CON ESQUEMA LLL CANTIDAD / FEMENINO,1
Tarija,60101,Tarija,2011,9,TRATAMIENTOS INICIADOS CON ESQUEMA LLL CANTIDAD / FEMENINO,0
Santa Cruz,70403,Yapacani,2011,9,TRATAMIENTOS INICIADOS CON ESQUEMA LLL CANTIDAD / FEMENINO,0
Santa Cruz,70703,Cabezas,2011,10,TRATAMIENTOS INICIADOS CON ESQUEMA LLL CANTIDAD / FEMENINO,0
Cochabamba,30101,Cochabamba,2011,10,TRATAMIENTOS INICIADOS CON ESQUEMA LLL CANTIDAD / FEMENINO,1
Cochabamba,31002,Colomi,2011,10,TRATAMIENTOS INICIADOS CON ESQUEMA LLL CANTIDAD / FEMENINO,1
La Paz,20105,El Alto,2011,10,TRATAMIENTOS INICIADOS CON ESQUEMA LLL CANTIDAD / FEMENINO,1
La Paz,20101,La Paz,2011,10,TRATAMIENTOS INICIADOS CON ESQUEMA LLL CANTIDAD / FEMENINO,0
Santa Cruz,71003,Mineros,2011,10,TRATAMIENTOS INICIADOS CON ESQUEMA LLL CANTIDAD / FEMENINO,0
Chuquisaca,10501,Monteagudo,2011,10,TRATAMIENTOS INICIADOS CON ESQUEMA LLL CANTIDAD / FEMENINO,0
Santa Cruz,71001,Montero,2011,10,TRATAMIENTOS INICIADOS CON ESQUEMA LLL CANTIDAD / FEMENINO,0
Cochabamba,31205,Puerto Villarroel,2011,10,TRATAMIENTOS INICIADOS CON ESQUEMA LLL CANTIDAD / FEMENINO,1
Santa Cruz,70301,San Ignacio De Velasco,2011,10,TRATAMIENTOS INICIADOS CON ESQUEMA LLL CANTIDAD / FEMENINO,1
Santa Cruz,70101,Santa Cruz De La Sierra,2011,10,TRATAMIENTOS INICIADOS CON ESQUEMA LLL CANTIDAD / FEMENINO,4
Chuquisaca,10101,Sucre,2011,10,TRATAMIENTOS INICIADOS CON ESQUEMA LLL CANTIDAD / FEMENINO,2
Beni,80101,Trinidad,2011,10,TRATAMIENTOS INICIADOS CON ESQUEMA LLL CANTIDAD / FEMENINO,1
Santa Cruz,70201,Warnes,2011,10,TRATAMIENTOS INICIADOS CON ESQUEMA LLL CANTIDAD / FEMENINO,0
Santa Cruz,70403,Yapacani,2011,10,TRATAMIENTOS INICIADOS CON ESQUEMA LLL CANTIDAD / FEMENINO,0
Cochabamba,31501,Bolivar,2011,11,TRATAMIENTOS INICIADOS CON ESQUEMA LLL CANTIDAD / FEMENINO,0
La Paz,22001,Caranavi,2011,11,TRATAMIENTOS INICIADOS CON ESQUEMA LLL CANTIDAD / FEMENINO,2
Cochabamba,30101,Cochabamba,2011,11,TRATAMIENTOS INICIADOS CON ESQUEMA LLL CANTIDAD / FEMENINO,0
La Paz,20105,El Alto,2011,11,TRATAMIENTOS INICIADOS CON ESQUEMA LLL CANTIDAD / FEMENINO,0
La Paz,20101,La Paz,2011,11,TRATAMIENTOS INICIADOS CON ESQUEMA LLL CANTIDAD / FEMENINO,2
Santa Cruz,71003,Mineros,2011,11,TRATAMIENTOS INICIADOS CON ESQUEMA LLL CANTIDAD / FEMENINO,1
Santa Cruz,71001,Montero,2011,11,TRATAMIENTOS INICIADOS CON ESQUEMA LLL CANTIDAD / FEMENINO,1
Oruro,40101,Oruro,2011,11,TRATAMIENTOS INICIADOS CON ESQUEMA LLL CANTIDAD / FEMENINO,0
La Paz,21201,Pucarani,2011,11,TRATAMIENTOS INICIADOS CON ESQUEMA LLL CANTIDAD / FEMENINO,1
Cochabamba,30901,Quillacollo,2011,11,TRATAMIENTOS INICIADOS CON ESQUEMA LLL CANTIDAD / FEMENINO,0
Beni,80201,Riberalta,2011,11,TRATAMIENTOS INICIADOS CON ESQUEMA LLL CANTIDAD / FEMENINO,1
Cochabamba,31001,Sacaba,2011,11,TRATAMIENTOS INICIADOS CON ESQUEMA LLL CANTIDAD / FEMENINO,0
Santa Cruz,70101,Santa Cruz De La Sierra,2011,11,TRATAMIENTOS INICIADOS CON ESQUEMA LLL CANTIDAD / FEMENINO,4
Chuquisaca,10101,Sucre,2011,11,TRATAMIENTOS INICIADOS CON ESQUEMA LLL CANTIDAD / FEMENINO,0
Cochabamba,31003,Villa Tunari,2011,11,TRATAMIENTOS INICIADOS CON ESQUEMA LLL CANTIDAD / FEMENINO,1
Santa Cruz,70201,Warnes,2011,11,TRATAMIENTOS INICIADOS CON ESQUEMA LLL CANTIDAD / FEMENINO,1
Cochabamba,31501,Bolivar,2011,12,TRATAMIENTOS INICIADOS CON ESQUEMA LLL CANTIDAD / FEMENINO,0
Cochabamba,30701,Capinota,2011,12,TRATAMIENTOS INICIADOS CON ESQUEMA LLL CANTIDAD / FEMENINO,1
Cochabamba,31204,Chimore,2011,12,TRATAMIENTOS INICIADOS CON ESQUEMA LLL CANTIDAD / FEMENINO,0
La Paz,21101,Chulumani (v. De La Libertad),2011,12,TRATAMIENTOS INICIADOS CON ESQUEMA LLL CANTIDAD / FEMENINO,0
Cochabamba,30101,Cochabamba,2011,12,TRATAMIENTOS INICIADOS CON ESQUEMA LLL CANTIDAD / FEMENINO,2
Cochabamba,30905,Colcapirhua,2011,12,TRATAMIENTOS INICIADOS CON ESQUEMA LLL CANTIDAD / FEMENINO,0
La Paz,20105,El Alto,2011,12,TRATAMIENTOS INICIADOS CON ESQUEMA LLL CANTIDAD / FEMENINO,0
La Paz,20602,Guanay,2011,12,TRATAMIENTOS INICIADOS CON ESQUEMA LLL CANTIDAD / FEMENINO,0
La Paz,21102,Irupana (villa De Lanza),2011,12,TRATAMIENTOS INICIADOS CON ESQUEMA LLL CANTIDAD / FEMENINO,0
La Paz,20101,La Paz,2011,12,TRATAMIENTOS INICIADOS CON ESQUEMA LLL CANTIDAD / FEMENINO,5
La Paz,21104,Palos Blancos,2011,12,TRATAMIENTOS INICIADOS CON ESQUEMA LLL CANTIDAD / FEMENINO,1
Cochabamba,31205,Puerto Villarroel,2011,12,TRATAMIENTOS INICIADOS CON ESQUEMA LLL CANTIDAD / FEMENINO,1
Cochabamba,31001,Sacaba,2011,12,TRATAMIENTOS INICIADOS CON ESQUEMA LLL CANTIDAD / FEMENINO,1
Santa Cruz,70101,Santa Cruz De La Sierra,2011,12,TRATAMIENTOS INICIADOS CON ESQUEMA LLL CANTIDAD / FEMENINO,9
Chuquisaca,10101,Sucre,2011,12,TRATAMIENTOS INICIADOS CON ESQUEMA LLL CANTIDAD / FEMENINO,1
Tarija,60101,Tarija,2011,12,TRATAMIENTOS INICIADOS CON ESQUEMA LLL CANTIDAD / FEMENINO,1
Cochabamba,30904,Vinto,2011,12,TRATAMIENTOS INICIADOS CON ESQUEMA LLL CANTIDAD / FEMENINO,0
La Paz,22001,Caranavi,2011,1,TOTALES / TOTAL,1
Cochabamba,31204,Chimore,2011,1,TOTALES / TOTAL,1
Pando,90101,Cobija,2011,1,TOTALES / TOTAL,1
La Paz,21004,Colquiri,2011,1,TOTALES / TOTAL,1
Beni,80202,Guayaramerin,2011,1,TOTALES / TOTAL,1
La Paz,20101,La Paz,2011,1,TOTALES / TOTAL,1
Santa Cruz,71001,Montero,2011,1,TOTALES / TOTAL,1
Chuquisaca,10401,Padilla,2011,1,TOTALES / TOTAL,2
La Paz,21104,Palos Blancos,2011,1,TOTALES / TOTAL,1
Potosí,50101,Potosi,2011,1,TOTALES / TOTAL,1
Cochabamba,31205,Puerto Villarroel,2011,1,TOTALES / TOTAL,1
Cochabamba,30901,Quillacollo,2011,1,TOTALES / TOTAL,1
Cochabamba,31001,Sacaba,2011,1,TOTALES / TOTAL,1
Santa Cruz,71102,San Javier(stc),2011,1,TOTALES / TOTAL,1
Santa Cruz,70101,Santa Cruz De La Sierra,2011,1,TOTALES / TOTAL,1
Chuquisaca,10101,Sucre,2011,1,TOTALES / TOTAL,1
Cochabamba,30903,Tiquipaya,2011,1,TOTALES / TOTAL,2
La Paz,20801,Viacha,2011,1,TOTALES / TOTAL,1
Chuquisaca,11001,Villa Vaca Guzman (muyupampa),2011,1,TOTALES / TOTAL,1
Tarija,60301,Yacuiba,2011,1,TOTALES / TOTAL,10
Santa Cruz,71501,Ascencion De Guarayos,2011,2,TOTALES / TOTAL,1
La Paz,21101,Chulumani (v. De La Libertad),2011,2,TOTALES / TOTAL,1
Cochabamba,30101,Cochabamba,2011,2,TOTALES / TOTAL,1
Santa Cruz,70102,Cotoca,2011,2,TOTALES / TOTAL,1
La Paz,20105,El Alto,2011,2,TOTALES / TOTAL,1
Cochabamba,31206,Entre Rios Cbba,2011,2,TOTALES / TOTAL,1
La Paz,20101,La Paz,2011,2,TOTALES / TOTAL,1
Chuquisaca,10501,Monteagudo,2011,2,TOTALES / TOTAL,1
Cochabamba,31205,Puerto Villarroel,2011,2,TOTALES / TOTAL,1
Santa Cruz,71104,San Julian,2011,2,TOTALES / TOTAL,1
Santa Cruz,70101,Santa Cruz De La Sierra,2011,2,TOTALES / TOTAL,3
Cochabamba,31602,Shinaota,2011,2,TOTALES / TOTAL,1
Chuquisaca,10101,Sucre,2011,2,TOTALES / TOTAL,3
La Paz,20606,Tipuani,2011,2,TOTALES / TOTAL,1
Santa Cruz,70201,Warnes,2011,2,TOTALES / TOTAL,1
Tarija,60301,Yacuiba,2011,2,TOTALES / TOTAL,1
Santa Cruz,70403,Yapacani,2011,2,TOTALES / TOTAL,1
Santa Cruz,70706,Camiri,2011,3,TOTALES / TOTAL,1
La Paz,20105,El Alto,2011,3,TOTALES / TOTAL,1
La Paz,21105,La Asunta,2011,3,TOTALES / TOTAL,1
Santa Cruz,70104,La Guardia,2011,3,TOTALES / TOTAL,1
La Paz,20101,La Paz,2011,3,TOTALES / TOTAL,1
Chuquisaca,10501,Monteagudo,2011,3,TOTALES / TOTAL,3
Santa Cruz,71001,Montero,2011,3,TOTALES / TOTAL,1
Cochabamba,31203,Pocona,2011,3,TOTALES / TOTAL,1
Cochabamba,31001,Sacaba,2011,3,TOTALES / TOTAL,1
Chuquisaca,10702,San Lucas,2011,3,TOTALES / TOTAL,1
Santa Cruz,70101,Santa Cruz De La Sierra,2011,3,TOTALES / TOTAL,8
Chuquisaca,10101,Sucre,2011,3,TOTALES / TOTAL,1
Cochabamba,31601,Tiraque (cbba),2011,3,TOTALES / TOTAL,1
Santa Cruz,70403,Yapacani,2011,3,TOTALES / TOTAL,1
Santa Cruz,71501,Ascencion De Guarayos,2011,4,TOTALES / TOTAL,2
Cochabamba,30801,Cliza,2011,4,TOTALES / TOTAL,1
Cochabamba,30101,Cochabamba,2011,4,TOTALES / TOTAL,1
Chuquisaca,10501,Monteagudo,2011,4,TOTALES / TOTAL,1
Cochabamba,31001,Sacaba,2011,4,TOTALES / TOTAL,2
Santa Cruz,70101,Santa Cruz De La Sierra,2011,4,TOTALES / TOTAL,0
Chuquisaca,10101,Sucre,2011,4,TOTALES / TOTAL,4
Beni,80101,Trinidad,2011,4,TOTALES / TOTAL,2
Chuquisaca,11001,Villa Vaca Guzman (muyupampa),2011,4,TOTALES / TOTAL,1
Tarija,60301,Yacuiba,2011,4,TOTALES / TOTAL,1
La Paz,22001,Caranavi,2011,5,TOTALES / TOTAL,1
Cochabamba,30101,Cochabamba,2011,5,TOTALES / TOTAL,2
La Paz,20105,El Alto,2011,5,TOTALES / TOTAL,2
La Paz,20101,La Paz,2011,5,TOTALES / TOTAL,2
Cochabamba,31001,Sacaba,2011,5,TOTALES / TOTAL,2
Beni,80302,San Borja,2011,5,TOTALES / TOTAL,1
Santa Cruz,70101,Santa Cruz De La Sierra,2011,5,TOTALES / TOTAL,6
Chuquisaca,10101,Sucre,2011,5,TOTALES / TOTAL,3
Tarija,60101,Tarija,2011,5,TOTALES / TOTAL,1
Cochabamba,30903,Tiquipaya,2011,5,TOTALES / TOTAL,1
Cochabamba,31003,Villa Tunari,2011,5,TOTALES / TOTAL,2
Tarija,60301,Yacuiba,2011,5,TOTALES / TOTAL,1
La Paz,22001,Caranavi,2011,6,TOTALES / TOTAL,2
Cochabamba,30101,Cochabamba,2011,6,TOTALES / TOTAL,1
La Paz,21402,Coripata,2011,6,TOTALES / TOTAL,1
La Paz,20405,Escoma,2011,6,TOTALES / TOTAL,1
La Paz,21105,La Asunta,2011,6,TOTALES / TOTAL,2
Santa Cruz,70104,La Guardia,2011,6,TOTALES / TOTAL,1
La Paz,20101,La Paz,2011,6,TOTALES / TOTAL,4
Chuquisaca,10501,Monteagudo,2011,6,TOTALES / TOTAL,1
La Paz,21104,Palos Blancos,2011,6,TOTALES / TOTAL,1
Cochabamba,30901,Quillacollo,2011,6,TOTALES / TOTAL,3
Santa Cruz,70301,San Ignacio De Velasco,2011,6,TOTALES / TOTAL,1
Santa Cruz,70101,Santa Cruz De La Sierra,2011,6,TOTALES / TOTAL,4
Chuquisaca,10101,Sucre,2011,6,TOTALES / TOTAL,3
Chuquisaca,10704,Villa Charcas,2011,6,TOTALES / TOTAL,1
Cochabamba,31003,Villa Tunari,2011,6,TOTALES / TOTAL,1
La Paz,20105,El Alto,2011,7,TOTALES / TOTAL,2
Chuquisaca,10501,Monteagudo,2011,7,TOTALES / TOTAL,1
Oruro,40101,Oruro,2011,7,TOTALES / TOTAL,2
Santa Cruz,70402,San Carlos,2011,7,TOTALES / TOTAL,1
Santa Cruz,70101,Santa Cruz De La Sierra,2011,7,TOTALES / TOTAL,1
Chuquisaca,10101,Sucre,2011,7,TOTALES / TOTAL,2
La Paz,20801,Viacha,2011,7,TOTALES / TOTAL,2
Cochabamba,31003,Villa Tunari,2011,7,TOTALES / TOTAL,1
La Paz,22001,Caranavi,2011,8,TOTALES / TOTAL,1
La Paz,20105,El Alto,2011,8,TOTALES / TOTAL,1
La Paz,20101,La Paz,2011,8,TOTALES / TOTAL,2
Chuquisaca,10501,Monteagudo,2011,8,TOTALES / TOTAL,1
Cochabamba,31001,Sacaba,2011,8,TOTALES / TOTAL,2
Santa Cruz,70101,Santa Cruz De La Sierra,2011,8,TOTALES / TOTAL,2
Tarija,60101,Tarija,2011,8,TOTALES / TOTAL,2
Beni,80101,Trinidad,2011,8,TOTALES / TOTAL,1
Cochabamba,31003,Villa Tunari,2011,8,TOTALES / TOTAL,2
Cochabamba,30904,Vinto,2011,8,TOTALES / TOTAL,1
Tarija,60301,Yacuiba,2011,8,TOTALES / TOTAL,1
Cochabamba,30101,Cochabamba,2011,9,TOTALES / TOTAL,3
Santa Cruz,70102,Cotoca,2011,9,TOTALES / TOTAL,1
Santa Cruz,71002,General Saavedra,2011,9,TOTALES / TOTAL,1
La Paz,21105,La Asunta,2011,9,TOTALES / TOTAL,1
Santa Cruz,70104,La Guardia,2011,9,TOTALES / TOTAL,1
Potosí,50101,Potosi,2011,9,TOTALES / TOTAL,1
Cochabamba,31205,Puerto Villarroel,2011,9,TOTALES / TOTAL,1
Cochabamba,30901,Quillacollo,2011,9,TOTALES / TOTAL,1
Cochabamba,31001,Sacaba,2011,9,TOTALES / TOTAL,2
Santa Cruz,70101,Santa Cruz De La Sierra,2011,9,TOTALES / TOTAL,4
Cochabamba,31602,Shinaota,2011,9,TOTALES / TOTAL,1
Chuquisaca,10101,Sucre,2011,9,TOTALES / TOTAL,1
Tarija,60101,Tarija,2011,9,TOTALES / TOTAL,1
Santa Cruz,70403,Yapacani,2011,9,TOTALES / TOTAL,1
Santa Cruz,70703,Cabezas,2011,10,TOTALES / TOTAL,6
Cochabamba,30101,Cochabamba,2011,10,TOTALES / TOTAL,2
Cochabamba,31002,Colomi,2011,10,TOTALES / TOTAL,1
La Paz,20105,El Alto,2011,10,TOTALES / TOTAL,1
La Paz,20101,La Paz,2011,10,TOTALES / TOTAL,1
Santa Cruz,71003,Mineros,2011,10,TOTALES / TOTAL,1
Chuquisaca,10501,Monteagudo,2011,10,TOTALES / TOTAL,1
Santa Cruz,71001,Montero,2011,10,TOTALES / TOTAL,1
Cochabamba,31205,Puerto Villarroel,2011,10,TOTALES / TOTAL,1
Santa Cruz,70301,San Ignacio De Velasco,2011,10,TOTALES / TOTAL,1
Santa Cruz,70101,Santa Cruz De La Sierra,2011,10,TOTALES / TOTAL,5
Chuquisaca,10101,Sucre,2011,10,TOTALES / TOTAL,7
Beni,80101,Trinidad,2011,10,TOTALES / TOTAL,1
Santa Cruz,70201,Warnes,2011,10,TOTALES / TOTAL,1
Santa Cruz,70403,Yapacani,2011,10,TOTALES / TOTAL,1
Cochabamba,31501,Bolivar,2011,11,TOTALES / TOTAL,2
La Paz,22001,Caranavi,2011,11,TOTALES / TOTAL,2
Cochabamba,30101,Cochabamba,2011,11,TOTALES / TOTAL,1
La Paz,20105,El Alto,2011,11,TOTALES / TOTAL,1
La Paz,20101,La Paz,2011,11,TOTALES / TOTAL,3
Santa Cruz,71003,Mineros,2011,11,TOTALES / TOTAL,1
Santa Cruz,71001,Montero,2011,11,TOTALES / TOTAL,2
Oruro,40101,Oruro,2011,11,TOTALES / TOTAL,1
La Paz,21201,Pucarani,2011,11,TOTALES / TOTAL,1
Cochabamba,30901,Quillacollo,2011,11,TOTALES / TOTAL,1
Beni,80201,Riberalta,2011,11,TOTALES / TOTAL,3
Cochabamba,31001,Sacaba,2011,11,TOTALES / TOTAL,1
Santa Cruz,70101,Santa Cruz De La Sierra,2011,11,TOTALES / TOTAL,6
Chuquisaca,10101,Sucre,2011,11,TOTALES / TOTAL,2
Cochabamba,31003,Villa Tunari,2011,11,TOTALES / TOTAL,1
Santa Cruz,70201,Warnes,2011,11,TOTALES / TOTAL,1
Cochabamba,31501,Bolivar,2011,12,TOTALES / TOTAL,1
Cochabamba,30701,Capinota,2011,12,TOTALES / TOTAL,1
Cochabamba,31204,Chimore,2011,12,TOTALES / TOTAL,1
La Paz,21101,Chulumani (v. De La Libertad),2011,12,TOTALES / TOTAL,1
Cochabamba,30101,Cochabamba,2011,12,TOTALES / TOTAL,2
Cochabamba,30905,Colcapirhua,2011,12,TOTALES / TOTAL,1
La Paz,20105,El Alto,2011,12,TOTALES / TOTAL,1
La Paz,20602,Guanay,2011,12,TOTALES / TOTAL,1
La Paz,21102,Irupana (villa De Lanza),2011,12,TOTALES / TOTAL,1
La Paz,20101,La Paz,2011,12,TOTALES / TOTAL,18
La Paz,21104,Palos Blancos,2011,12,TOTALES / TOTAL,1
Cochabamba,31205,Puerto Villarroel,2011,12,TOTALES / TOTAL,1
Cochabamba,31001,Sacaba,2011,12,TOTALES / TOTAL,1
Santa Cruz,70101,Santa Cruz De La Sierra,2011,12,TOTALES / TOTAL,14
Chuquisaca,10101,Sucre,2011,12,TOTALES / TOTAL,2
Tarija,60101,Tarija,2011,12,TOTALES / TOTAL,1
Cochabamba,30904,Vinto,2011,12,TOTALES / TOTAL,1
